episode,reward
0,-18.0
1,-18.0
2,-18.0
3,-19.0
4,-18.0
5,-18.0
6,-18.0
7,-7.0
8,-19.0
9,-18.0
10,-18.0
11,-18.0
12,-18.0
13,-20.0
14,-18.0
15,-18.0
16,-18.0
17,-18.0
18,-18.0
19,-18.0
20,-19.0
21,-18.0
22,-20.0
23,-18.0
24,-18.0
25,-18.0
26,-18.0
27,-18.0
28,-18.0
29,-18.0
30,-18.0
31,-18.0
32,-18.0
33,-19.0
34,-18.0
35,-18.0
36,-18.0
37,-20.0
38,-19.0
39,-18.0
40,-19.0
41,-18.0
42,-18.0
43,-18.0
44,-18.0
45,-18.0
46,-18.0
47,-18.0
48,-18.0
49,-18.0
50,-19.0
51,-3.0
52,-18.0
53,-18.0
54,-18.0
55,-18.0
56,-18.0
57,-19.0
58,-18.0
59,-18.0
60,-18.0
61,-18.0
62,-18.0
63,-19.0
64,-18.0
65,-15.0
66,-18.0
67,-18.0
68,-18.0
69,0.0
70,-20.0
71,-18.0
72,-18.0
73,-18.0
74,-18.0
75,-18.0
76,-18.0
77,-20.0
78,-18.0
79,-18.0
80,-19.0
81,-19.0
82,-18.0
83,-18.0
84,-18.0
85,-18.0
86,-18.0
87,-18.0
88,-18.0
89,-18.0
90,-20.0
91,-18.0
92,-18.0
93,-23.0
94,-19.0
95,-18.0
96,-18.0
97,-18.0
98,-18.0
99,-19.0
100,-19.0
101,-19.0
102,-18.0
103,-19.0
104,-18.0
105,-18.0
106,-18.0
107,-18.0
108,-18.0
109,-18.0
110,-18.0
111,-18.0
112,-19.0
113,-18.0
114,-20.0
115,-18.0
116,-18.0
117,-20.0
118,-19.0
119,-18.0
120,-18.0
121,-18.0
122,-20.0
123,0.0
124,-20.0
125,-20.0
126,-18.0
127,-18.0
128,-18.0
129,-19.0
130,-18.0
131,-18.0
132,-18.0
133,-18.0
134,-19.0
135,-20.0
136,-18.0
137,-18.0
138,-22.0
139,-19.0
140,-18.0
141,-18.0
142,-19.0
143,-18.0
144,-14.0
145,-18.0
146,-19.0
147,-23.0
148,-18.0
149,-18.0
150,-18.0
151,-22.0
152,-19.0
153,-18.0
154,-18.0
155,-18.0
156,-18.0
157,-18.0
158,-18.0
159,-18.0
160,-18.0
161,-20.0
162,-20.0
163,-18.0
164,-18.0
165,-18.0
166,-19.0
167,-2.0
168,-18.0
169,-18.0
170,-18.0
171,-18.0
172,-18.0
173,-4.0
174,-18.0
175,-20.0
176,-18.0
177,-18.0
178,-18.0
179,-18.0
180,-23.0
181,-18.0
182,-18.0
183,-18.0
184,-21.0
185,-18.0
186,-18.0
187,-18.0
188,-18.0
189,-18.0
190,-18.0
191,-18.0
192,-19.0
193,-18.0
194,-18.0
195,-4.0
196,-18.0
197,-18.0
198,-18.0
199,-18.0
200,-18.0
201,-18.0
202,-18.0
203,-18.0
204,-20.0
205,-18.0
206,-18.0
207,-18.0
208,-18.0
209,-21.0
210,-18.0
211,-21.0
212,-18.0
213,-19.0
214,-18.0
215,-18.0
216,-18.0
217,-18.0
218,-20.0
219,-18.0
220,-18.0
221,-20.0
222,-19.0
223,-18.0
224,-20.0
225,-18.0
226,-19.0
227,-18.0
228,-22.0
229,-18.0
230,-18.0
231,-18.0
232,-19.0
233,-18.0
234,-19.0
235,-18.0
236,-18.0
237,-18.0
238,-18.0
239,-18.0
240,-18.0
241,-18.0
242,-18.0
243,-21.0
244,-18.0
245,-18.0
246,-19.0
247,-21.0
248,-20.0
249,-18.0
250,-18.0
251,-20.0
252,-18.0
253,-19.0
254,-18.0
255,-18.0
256,-18.0
257,-18.0
258,-18.0
259,-18.0
260,-18.0
261,-18.0
262,-18.0
263,-18.0
264,-18.0
265,-18.0
266,-18.0
267,-18.0
268,-18.0
269,-18.0
270,1.0
271,-18.0
272,-18.0
273,-19.0
274,-18.0
275,-18.0
276,-18.0
277,-18.0
278,-18.0
279,-18.0
280,-19.0
281,-18.0
282,-18.0
283,-19.0
284,-18.0
285,-18.0
286,-18.0
287,-18.0
288,-19.0
289,-18.0
290,-18.0
291,-18.0
292,-18.0
293,-18.0
294,-19.0
295,-18.0
296,-18.0
297,-18.0
298,-18.0
299,-18.0
300,-19.0
301,-18.0
302,-19.0
303,-18.0
304,-18.0
305,-21.0
306,-18.0
307,-18.0
308,-18.0
309,-18.0
310,-18.0
311,-20.0
312,-18.0
313,-18.0
314,-18.0
315,-18.0
316,-18.0
317,-18.0
318,-21.0
319,-18.0
320,-18.0
321,-18.0
322,-18.0
323,-18.0
324,-18.0
325,-18.0
326,-18.0
327,-18.0
328,-18.0
329,-18.0
330,-18.0
331,-18.0
332,-18.0
333,-18.0
334,-18.0
335,-18.0
336,-18.0
337,-18.0
338,-18.0
339,-18.0
340,-24.0
341,-18.0
342,-18.0
343,-18.0
344,-14.0
345,-18.0
346,-18.0
347,-18.0
348,-18.0
349,-18.0
350,-19.0
351,-19.0
352,-18.0
353,-18.0
354,-18.0
355,-18.0
356,-18.0
357,-18.0
358,-18.0
359,-18.0
360,-18.0
361,-18.0
362,-18.0
363,-18.0
364,-18.0
365,-18.0
366,-18.0
367,-19.0
368,-18.0
369,-18.0
370,-19.0
371,-18.0
372,-19.0
373,-18.0
374,-18.0
375,-19.0
376,-18.0
377,-18.0
378,-18.0
379,-19.0
380,-18.0
381,-18.0
382,-18.0
383,-18.0
384,-18.0
385,-18.0
386,-19.0
387,-19.0
388,-20.0
389,-18.0
390,-18.0
391,-18.0
392,-18.0
393,-18.0
394,-18.0
395,-18.0
396,-18.0
397,-18.0
398,-18.0
399,-19.0
400,-18.0
401,-18.0
402,-18.0
403,-18.0
404,-18.0
405,-18.0
406,-18.0
407,-19.0
408,-18.0
409,-18.0
410,-19.0
411,-18.0
412,-18.0
413,-18.0
414,-18.0
415,-18.0
416,-18.0
417,-18.0
418,-18.0
419,-18.0
420,-18.0
421,-18.0
422,-18.0
423,-21.0
424,-18.0
425,-18.0
426,-18.0
427,-18.0
428,-18.0
429,-20.0
430,-18.0
431,-18.0
432,-18.0
433,-18.0
434,-18.0
435,-19.0
436,-20.0
437,-18.0
438,-20.0
439,-18.0
440,-18.0
441,-19.0
442,-20.0
443,-18.0
444,-18.0
445,-18.0
446,-18.0
447,-19.0
448,-20.0
449,-18.0
450,-18.0
451,-18.0
452,-18.0
453,-18.0
454,-18.0
455,-18.0
456,-18.0
457,-18.0
458,-18.0
459,-18.0
460,-20.0
461,-18.0
462,-18.0
463,-18.0
464,-18.0
465,-18.0
466,-29.0
467,-18.0
468,-18.0
469,-18.0
470,-18.0
471,-19.0
472,-18.0
473,-18.0
474,-18.0
475,-18.0
476,-18.0
477,-19.0
478,-18.0
479,-18.0
480,-18.0
481,-18.0
482,-22.0
483,-18.0
484,-18.0
485,-21.0
486,-18.0
487,-18.0
488,-18.0
489,-18.0
490,-18.0
491,-18.0
492,-18.0
493,-18.0
494,-18.0
495,-18.0
496,-18.0
497,-18.0
498,-20.0
499,-18.0
500,-18.0
501,-18.0
502,-18.0
503,-7.0
504,-18.0
505,-19.0
506,-18.0
507,-18.0
508,-18.0
509,-18.0
510,-18.0
511,-18.0
512,-18.0
513,-18.0
514,-18.0
515,-18.0
516,-18.0
517,-18.0
518,-18.0
519,-18.0
520,-21.0
521,-18.0
522,-18.0
523,-18.0
524,-18.0
525,-18.0
526,-18.0
527,-18.0
528,-18.0
529,-18.0
530,-18.0
531,-18.0
532,-18.0
533,-18.0
534,-19.0
535,-20.0
536,-18.0
537,-18.0
538,-18.0
539,-4.0
540,-18.0
541,-18.0
542,-18.0
543,-20.0
544,-18.0
545,-18.0
546,-18.0
547,-20.0
548,-20.0
549,-18.0
550,-18.0
551,-18.0
552,-18.0
553,-18.0
554,-18.0
555,-18.0
556,-18.0
557,-18.0
558,-20.0
559,-18.0
560,-18.0
561,-18.0
562,-18.0
563,-18.0
564,-19.0
565,-18.0
566,-19.0
567,-20.0
568,-18.0
569,-18.0
570,-18.0
571,-18.0
572,-18.0
573,-18.0
574,-18.0
575,-18.0
576,-18.0
577,-18.0
578,-18.0
579,-18.0
580,-18.0
581,-18.0
582,-18.0
583,-18.0
584,-18.0
585,-18.0
586,-18.0
587,-19.0
588,-18.0
589,-18.0
590,-18.0
591,-18.0
592,-19.0
593,-18.0
594,-18.0
595,-18.0
596,-18.0
597,-18.0
598,-18.0
599,-18.0
600,-18.0
601,-18.0
602,-18.0
603,-18.0
604,-19.0
605,-18.0
606,-18.0
607,-20.0
608,-18.0
609,-18.0
610,-18.0
611,-19.0
612,-20.0
613,-18.0
614,-18.0
615,-20.0
616,-18.0
617,-21.0
618,-18.0
619,-18.0
620,-18.0
621,-18.0
622,-18.0
623,-18.0
624,-19.0
625,-18.0
626,-18.0
627,-18.0
628,-18.0
629,-2.0
630,-18.0
631,-18.0
632,-18.0
633,-18.0
634,-22.0
635,-18.0
636,-1.0
637,-20.0
638,-18.0
639,-18.0
640,-18.0
641,-18.0
642,-18.0
643,-18.0
644,-18.0
645,-18.0
646,-19.0
647,-18.0
648,-18.0
649,-18.0
650,-21.0
651,-20.0
652,-18.0
653,-18.0
654,-18.0
655,-18.0
656,-5.0
657,-18.0
658,-18.0
659,-18.0
660,-18.0
661,-18.0
662,-18.0
663,-18.0
664,-18.0
665,-18.0
666,-18.0
667,-18.0
668,-18.0
669,-18.0
670,-18.0
671,-18.0
672,-18.0
673,-18.0
674,-18.0
675,-18.0
676,-18.0
677,-18.0
678,-18.0
679,-18.0
680,-21.0
681,-18.0
682,-18.0
683,-18.0
684,-18.0
685,-10.0
686,-18.0
687,-18.0
688,-18.0
689,-18.0
690,-18.0
691,-18.0
692,-18.0
693,-18.0
694,-18.0
695,-18.0
696,-18.0
697,-19.0
698,-18.0
699,-18.0
700,-18.0
701,-18.0
702,-18.0
703,-18.0
704,-18.0
705,-22.0
706,-19.0
707,-19.0
708,-18.0
709,-18.0
710,-18.0
711,-18.0
712,-18.0
713,-18.0
714,-18.0
715,-18.0
716,-18.0
717,-18.0
718,-18.0
719,-18.0
720,-18.0
721,-18.0
722,-19.0
723,-18.0
724,-19.0
725,-18.0
726,-19.0
727,-18.0
728,-18.0
729,-18.0
730,-18.0
731,-18.0
732,-20.0
733,-18.0
734,-18.0
735,-18.0
736,-18.0
737,-20.0
738,-19.0
739,-5.0
740,-18.0
741,-18.0
742,-18.0
743,-18.0
744,-18.0
745,-18.0
746,-18.0
747,-18.0
748,-18.0
749,-18.0
750,-18.0
751,-19.0
752,-18.0
753,-18.0
754,-18.0
755,-18.0
756,-18.0
757,-94.0
758,-18.0
759,-18.0
760,-18.0
761,-18.0
762,-18.0
763,-18.0
764,-18.0
765,-16.0
766,-18.0
767,-18.0
768,-18.0
769,-18.0
770,-19.0
771,-18.0
772,-18.0
773,-18.0
774,-18.0
775,-18.0
776,-18.0
777,-18.0
778,-18.0
779,-18.0
780,-18.0
781,-18.0
782,-18.0
783,-18.0
784,-20.0
785,-20.0
786,-18.0
787,-19.0
788,-18.0
789,-18.0
790,-18.0
791,-18.0
792,-18.0
793,-94.0
794,-18.0
795,-18.0
796,-19.0
797,-19.0
798,-18.0
799,-18.0
800,-18.0
801,-18.0
802,-18.0
803,-18.0
804,-18.0
805,-19.0
806,-18.0
807,-18.0
808,-18.0
809,-20.0
810,-20.0
811,-18.0
812,-18.0
813,-22.0
814,-18.0
815,-18.0
816,-18.0
817,-18.0
818,-18.0
819,-18.0
820,-18.0
821,-7.0
822,-20.0
823,-18.0
824,-18.0
825,-18.0
826,-18.0
827,-18.0
828,-18.0
829,-18.0
830,-18.0
831,-21.0
832,-18.0
833,-18.0
834,-19.0
835,-18.0
836,-18.0
837,-18.0
838,-18.0
839,-18.0
840,-18.0
841,-18.0
842,-18.0
843,-18.0
844,-18.0
845,-18.0
846,-18.0
847,-18.0
848,-18.0
849,-18.0
850,-18.0
851,-18.0
852,-20.0
853,-21.0
854,-18.0
855,-18.0
856,-18.0
857,-20.0
858,-19.0
859,-22.0
860,-18.0
861,-18.0
862,-18.0
863,-19.0
864,-18.0
865,-18.0
866,-24.0
867,-18.0
868,-18.0
869,-20.0
870,-19.0
871,-18.0
872,-18.0
873,-18.0
874,-18.0
875,-18.0
876,-19.0
877,-18.0
878,-18.0
879,-18.0
880,-19.0
881,-18.0
882,-18.0
883,-18.0
884,-19.0
885,-18.0
886,-18.0
887,-19.0
888,-22.0
889,-18.0
890,-18.0
891,-18.0
892,-18.0
893,-19.0
894,-18.0
895,-18.0
896,-18.0
897,-18.0
898,-18.0
899,-18.0
900,-18.0
901,-18.0
902,-18.0
903,-18.0
904,-18.0
905,-18.0
906,-18.0
907,-20.0
908,-18.0
909,-3.0
910,-18.0
911,-18.0
912,-18.0
913,-19.0
914,-18.0
915,-18.0
916,-18.0
917,-18.0
918,-18.0
919,-19.0
920,-20.0
921,-18.0
922,-19.0
923,-18.0
924,-18.0
925,-18.0
926,-18.0
927,-18.0
928,-19.0
929,-19.0
930,-20.0
931,-19.0
932,-18.0
933,-18.0
934,-18.0
935,-18.0
936,-18.0
937,-18.0
938,-18.0
939,-18.0
940,-18.0
941,-18.0
942,-18.0
943,-18.0
944,-20.0
945,-18.0
946,-18.0
947,-18.0
948,-18.0
949,-19.0
950,-18.0
951,-19.0
952,-18.0
953,-18.0
954,-18.0
955,-19.0
956,-18.0
957,-18.0
958,-18.0
959,-18.0
960,-18.0
961,-18.0
962,-18.0
963,-20.0
964,-18.0
965,-18.0
966,-18.0
967,-19.0
968,-18.0
969,-18.0
970,-18.0
971,-18.0
972,-18.0
973,-18.0
974,-18.0
975,-19.0
976,-18.0
977,-18.0
978,-18.0
979,-18.0
980,-18.0
981,-18.0
982,-19.0
983,-18.0
984,-18.0
985,-18.0
986,-18.0
987,-18.0
988,-18.0
989,-18.0
990,-18.0
991,-18.0
992,-19.0
993,-18.0
994,-18.0
995,-30.0
996,-19.0
997,-18.0
998,-18.0
999,-18.0
1000,-19.0
1001,-18.0
1002,-20.0
1003,-19.0
1004,-18.0
1005,-18.0
1006,-18.0
1007,-18.0
1008,-18.0
1009,-18.0
1010,-18.0
1011,-18.0
1012,-18.0
1013,0.0
1014,-18.0
1015,-20.0
1016,-20.0
1017,-18.0
1018,-18.0
1019,-18.0
1020,-20.0
1021,-18.0
1022,-18.0
1023,-18.0
1024,-19.0
1025,-18.0
1026,-20.0
1027,-18.0
1028,-18.0
1029,-18.0
1030,-18.0
1031,-18.0
1032,-18.0
1033,-22.0
1034,-18.0
1035,-18.0
1036,-20.0
1037,-18.0
1038,-21.0
1039,-18.0
1040,-18.0
1041,-20.0
1042,-18.0
1043,-18.0
1044,-18.0
1045,-18.0
1046,-18.0
1047,-18.0
1048,-18.0
1049,-18.0
1050,-20.0
1051,-18.0
1052,-18.0
1053,-18.0
1054,-19.0
1055,-18.0
1056,-18.0
1057,-18.0
1058,-18.0
1059,-18.0
1060,-18.0
1061,-18.0
1062,-24.0
1063,-18.0
1064,-18.0
1065,-18.0
1066,-18.0
1067,-18.0
1068,-18.0
1069,-18.0
1070,-18.0
1071,-18.0
1072,-18.0
1073,-18.0
1074,-22.0
1075,-18.0
1076,1.0
1077,-18.0
1078,-19.0
1079,-18.0
1080,-18.0
1081,-21.0
1082,-18.0
1083,-18.0
1084,-18.0
1085,-18.0
1086,-18.0
1087,-19.0
1088,-18.0
1089,-18.0
1090,-18.0
1091,-19.0
1092,-18.0
1093,-18.0
1094,-19.0
1095,-18.0
1096,-18.0
1097,-18.0
1098,-19.0
1099,-18.0
1100,-18.0
1101,-18.0
1102,-23.0
1103,-18.0
1104,-18.0
1105,-18.0
1106,-18.0
1107,-18.0
1108,-18.0
1109,-18.0
1110,-18.0
1111,-18.0
1112,-18.0
1113,-18.0
1114,-18.0
1115,-18.0
1116,-18.0
1117,-19.0
1118,-18.0
1119,-18.0
1120,-18.0
1121,-19.0
1122,-19.0
1123,-18.0
1124,-19.0
1125,-19.0
1126,-18.0
1127,-18.0
1128,-18.0
1129,-19.0
1130,-18.0
1131,-18.0
1132,-20.0
1133,-18.0
1134,-18.0
1135,-18.0
1136,-18.0
1137,-18.0
1138,-18.0
1139,-18.0
1140,-18.0
1141,-18.0
1142,-18.0
1143,-20.0
1144,-18.0
1145,-19.0
1146,-18.0
1147,-18.0
1148,-18.0
1149,-20.0
1150,-18.0
1151,-18.0
1152,-18.0
1153,-18.0
1154,-18.0
1155,-18.0
1156,-18.0
1157,-21.0
1158,-18.0
1159,-18.0
1160,-20.0
1161,-18.0
1162,-18.0
1163,-18.0
1164,-18.0
1165,-18.0
1166,-18.0
1167,-18.0
1168,-18.0
1169,-20.0
1170,-18.0
1171,-21.0
1172,-18.0
1173,-18.0
1174,-18.0
1175,-18.0
1176,-18.0
1177,-20.0
1178,-18.0
1179,-18.0
1180,-18.0
1181,-18.0
1182,-18.0
1183,-18.0
1184,-20.0
1185,-18.0
1186,-19.0
1187,-18.0
1188,-18.0
1189,-18.0
1190,-20.0
1191,-18.0
1192,-19.0
1193,-18.0
1194,-18.0
1195,-18.0
1196,-18.0
1197,-18.0
1198,-18.0
1199,-18.0
1200,-18.0
1201,-18.0
1202,-18.0
1203,-18.0
1204,-18.0
1205,-18.0
1206,-18.0
1207,-18.0
1208,-18.0
1209,-20.0
1210,-19.0
1211,-18.0
1212,-18.0
1213,-18.0
1214,-18.0
1215,-18.0
1216,-18.0
1217,-18.0
1218,-18.0
1219,-18.0
1220,-18.0
1221,-18.0
1222,-18.0
1223,-15.0
1224,-18.0
1225,-18.0
1226,-18.0
1227,-18.0
1228,-18.0
1229,-18.0
1230,-19.0
1231,-19.0
1232,-18.0
1233,-18.0
1234,-18.0
1235,-18.0
1236,-24.0
1237,-22.0
1238,-18.0
1239,-18.0
1240,-18.0
1241,-20.0
1242,-18.0
1243,-18.0
1244,-18.0
1245,-18.0
1246,-19.0
1247,-18.0
1248,-18.0
1249,-18.0
1250,-18.0
1251,-18.0
1252,-18.0
1253,-18.0
1254,-18.0
1255,-19.0
1256,-18.0
1257,-18.0
1258,-19.0
1259,-19.0
1260,-18.0
1261,-20.0
1262,-18.0
1263,-18.0
1264,-18.0
1265,-18.0
1266,-18.0
1267,-18.0
1268,-19.0
1269,-18.0
1270,-18.0
1271,-18.0
1272,-18.0
1273,-18.0
1274,-18.0
1275,-18.0
1276,-19.0
1277,-21.0
1278,-18.0
1279,-20.0
1280,-18.0
1281,-19.0
1282,-18.0
1283,-19.0
1284,-18.0
1285,-18.0
1286,-18.0
1287,-18.0
1288,-18.0
1289,-18.0
1290,-18.0
1291,-18.0
1292,-18.0
1293,-18.0
1294,-18.0
1295,-18.0
1296,-21.0
1297,-18.0
1298,-21.0
1299,-18.0
1300,-18.0
1301,-18.0
1302,-18.0
1303,-18.0
1304,-18.0
1305,-18.0
1306,-18.0
1307,-18.0
1308,-18.0
1309,-18.0
1310,-18.0
1311,-18.0
1312,-18.0
1313,-18.0
1314,-18.0
1315,-19.0
1316,-19.0
1317,-18.0
1318,-18.0
1319,-18.0
1320,-18.0
1321,-18.0
1322,-18.0
1323,-18.0
1324,-18.0
1325,-18.0
1326,-18.0
1327,-18.0
1328,-18.0
1329,-18.0
1330,-18.0
1331,-18.0
1332,-18.0
1333,-18.0
1334,-20.0
1335,-18.0
1336,-18.0
1337,-12.0
1338,-18.0
1339,-18.0
1340,-18.0
1341,-19.0
1342,-18.0
1343,-19.0
1344,-18.0
1345,-18.0
1346,-22.0
1347,-12.0
1348,-18.0
1349,-18.0
1350,-18.0
1351,-18.0
1352,-18.0
1353,-18.0
1354,-18.0
1355,-18.0
1356,-18.0
1357,-18.0
1358,-19.0
1359,-18.0
1360,-18.0
1361,-18.0
1362,-18.0
1363,-18.0
1364,-19.0
1365,-18.0
1366,-18.0
1367,-18.0
1368,-18.0
1369,-18.0
1370,-18.0
1371,-18.0
1372,-19.0
1373,-18.0
1374,-18.0
1375,-18.0
1376,-23.0
1377,-18.0
1378,-18.0
1379,-18.0
1380,-18.0
1381,-18.0
1382,-18.0
1383,-18.0
1384,-18.0
1385,-19.0
1386,-18.0
1387,-32.0
1388,-18.0
1389,-18.0
1390,-18.0
1391,-19.0
1392,-18.0
1393,-18.0
1394,-18.0
1395,-18.0
1396,-19.0
1397,-20.0
1398,-18.0
1399,-18.0
1400,-18.0
1401,-18.0
1402,-18.0
1403,-18.0
1404,-18.0
1405,-18.0
1406,-18.0
1407,-18.0
1408,-18.0
1409,-18.0
1410,-18.0
1411,-18.0
1412,-18.0
1413,-18.0
1414,-18.0
1415,-18.0
1416,-18.0
1417,-18.0
1418,-18.0
1419,-18.0
1420,-18.0
1421,-18.0
1422,-18.0
1423,-18.0
1424,-18.0
1425,-19.0
1426,-18.0
1427,-18.0
1428,-18.0
1429,-19.0
1430,-18.0
1431,-18.0
1432,-18.0
1433,-18.0
1434,-19.0
1435,-18.0
1436,-18.0
1437,-6.0
1438,-20.0
1439,-18.0
1440,-20.0
1441,-19.0
1442,-18.0
1443,-18.0
1444,-18.0
1445,-18.0
1446,-18.0
1447,-18.0
1448,-18.0
1449,-18.0
1450,-18.0
1451,-18.0
1452,-19.0
1453,-18.0
1454,-18.0
1455,-19.0
1456,-18.0
1457,-18.0
1458,-20.0
1459,-19.0
1460,-19.0
1461,-19.0
1462,-18.0
1463,-18.0
1464,-18.0
1465,-18.0
1466,-18.0
1467,-18.0
1468,-18.0
1469,-18.0
1470,-18.0
1471,-20.0
1472,-20.0
1473,-18.0
1474,-18.0
1475,-18.0
1476,-20.0
1477,-18.0
1478,-18.0
1479,-18.0
1480,-18.0
1481,-18.0
1482,-18.0
1483,-18.0
1484,-19.0
1485,-19.0
1486,-18.0
1487,-18.0
1488,-20.0
1489,-18.0
1490,-18.0
1491,-18.0
1492,-18.0
1493,-18.0
1494,-18.0
1495,-18.0
1496,-20.0
1497,-18.0
1498,-18.0
1499,-21.0
1500,-19.0
1501,-18.0
1502,-18.0
1503,-18.0
1504,-18.0
1505,-18.0
1506,-20.0
1507,-18.0
1508,-18.0
1509,-25.0
1510,-18.0
1511,-18.0
1512,-18.0
1513,-18.0
1514,-18.0
1515,-22.0
1516,-21.0
1517,-22.0
1518,-18.0
1519,-18.0
1520,-18.0
1521,-18.0
1522,-18.0
1523,-18.0
1524,-18.0
1525,-18.0
1526,-18.0
1527,-18.0
1528,-18.0
1529,-18.0
1530,-18.0
1531,-18.0
1532,-18.0
1533,-18.0
1534,-18.0
1535,-18.0
1536,-19.0
1537,-20.0
1538,-4.0
1539,-20.0
1540,-18.0
1541,-21.0
1542,-18.0
1543,-18.0
1544,-18.0
1545,-20.0
1546,-18.0
1547,-18.0
1548,-18.0
1549,-18.0
1550,-18.0
1551,-18.0
1552,-18.0
1553,-18.0
1554,-18.0
1555,-18.0
1556,-18.0
1557,-3.0
1558,-18.0
1559,-18.0
1560,-18.0
1561,-18.0
1562,-18.0
1563,-18.0
1564,-19.0
1565,-18.0
1566,-18.0
1567,-20.0
1568,-18.0
1569,-18.0
1570,-18.0
1571,-18.0
1572,-18.0
1573,-18.0
1574,-18.0
1575,-18.0
1576,-19.0
1577,-16.0
1578,-18.0
1579,-18.0
1580,-18.0
1581,-18.0
1582,-18.0
1583,-18.0
1584,-18.0
1585,-19.0
1586,-18.0
1587,-18.0
1588,-18.0
1589,-18.0
1590,-18.0
1591,-18.0
1592,-18.0
1593,-18.0
1594,-18.0
1595,-18.0
1596,0.0
1597,-19.0
1598,-18.0
1599,-18.0
1600,-18.0
1601,-18.0
1602,-20.0
1603,-18.0
1604,-18.0
1605,-19.0
1606,-94.0
1607,-18.0
1608,-18.0
1609,-18.0
1610,-18.0
1611,-18.0
1612,-18.0
1613,-18.0
1614,-18.0
1615,-18.0
1616,-18.0
1617,-18.0
1618,-18.0
1619,-19.0
1620,0.0
1621,-18.0
1622,-18.0
1623,-18.0
1624,-18.0
1625,-18.0
1626,-18.0
1627,-18.0
1628,-18.0
1629,-18.0
1630,-18.0
1631,-18.0
1632,-18.0
1633,-18.0
1634,-18.0
1635,-18.0
1636,-18.0
1637,-18.0
1638,-18.0
1639,-18.0
1640,-18.0
1641,-19.0
1642,-19.0
1643,-20.0
1644,-18.0
1645,-18.0
1646,-18.0
1647,-19.0
1648,-18.0
1649,-20.0
1650,-18.0
1651,-19.0
1652,-20.0
1653,-18.0
1654,-18.0
1655,-18.0
1656,-21.0
1657,-18.0
1658,-18.0
1659,-18.0
1660,-18.0
1661,-18.0
1662,-19.0
1663,-18.0
1664,-18.0
1665,-18.0
1666,-18.0
1667,-18.0
1668,-18.0
1669,-18.0
1670,-21.0
1671,-18.0
1672,-22.0
1673,-18.0
1674,-18.0
1675,-18.0
1676,-18.0
1677,-18.0
1678,-19.0
1679,-18.0
1680,-18.0
1681,-18.0
1682,-18.0
1683,-20.0
1684,-22.0
1685,-18.0
1686,-20.0
1687,-18.0
1688,-19.0
1689,-18.0
1690,-19.0
1691,-19.0
1692,-18.0
1693,-18.0
1694,-18.0
1695,-18.0
1696,-18.0
1697,-18.0
1698,-18.0
1699,-20.0
1700,-18.0
1701,-18.0
1702,-18.0
1703,-18.0
1704,-18.0
1705,-18.0
1706,-20.0
1707,-18.0
1708,-18.0
1709,-18.0
1710,-18.0
1711,-18.0
1712,-18.0
1713,-19.0
1714,-18.0
1715,-18.0
1716,-18.0
1717,-21.0
1718,-18.0
1719,-18.0
1720,-18.0
1721,-18.0
1722,-18.0
1723,-18.0
1724,-18.0
1725,-19.0
1726,-18.0
1727,-18.0
1728,-18.0
1729,-18.0
1730,-18.0
1731,-18.0
1732,-18.0
1733,-18.0
1734,-18.0
1735,-18.0
1736,-29.0
1737,-18.0
1738,-18.0
1739,-17.0
1740,-18.0
1741,-18.0
1742,-18.0
1743,-18.0
1744,-18.0
1745,-18.0
1746,-18.0
1747,-18.0
1748,-18.0
1749,-20.0
1750,-18.0
1751,-18.0
1752,-18.0
1753,-18.0
1754,-19.0
1755,-18.0
1756,-18.0
1757,-18.0
1758,-22.0
1759,-18.0
1760,-18.0
1761,-18.0
1762,-18.0
1763,-20.0
1764,-18.0
1765,-18.0
1766,-20.0
1767,-18.0
1768,-19.0
1769,-18.0
1770,-18.0
1771,-18.0
1772,-18.0
1773,-18.0
1774,-18.0
1775,-18.0
1776,-18.0
1777,-18.0
1778,-19.0
1779,-18.0
1780,-18.0
1781,-18.0
1782,-18.0
1783,-18.0
1784,-18.0
1785,-18.0
1786,-18.0
1787,-18.0
1788,-18.0
1789,-20.0
1790,-19.0
1791,-21.0
1792,-18.0
1793,-18.0
1794,-18.0
1795,-18.0
1796,-21.0
1797,-18.0
1798,-18.0
1799,-18.0
1800,-18.0
1801,-19.0
1802,-18.0
1803,-19.0
1804,-18.0
1805,-18.0
1806,-18.0
1807,-23.0
1808,-2.0
1809,-19.0
1810,-19.0
1811,-18.0
1812,-20.0
1813,-18.0
1814,-18.0
1815,-18.0
1816,-21.0
1817,-22.0
1818,-18.0
1819,-18.0
1820,-18.0
1821,-18.0
1822,-18.0
1823,-18.0
1824,-18.0
1825,-18.0
1826,-18.0
1827,-18.0
1828,-20.0
1829,-18.0
1830,-18.0
1831,-18.0
1832,-18.0
1833,-18.0
1834,-18.0
1835,-18.0
1836,-18.0
1837,-18.0
1838,-18.0
1839,-18.0
1840,-20.0
1841,-19.0
1842,-18.0
1843,-18.0
1844,-18.0
1845,-18.0
1846,-18.0
1847,-18.0
1848,-18.0
1849,-18.0
1850,-19.0
1851,-18.0
1852,-18.0
1853,-20.0
1854,-18.0
1855,-18.0
1856,-18.0
1857,-18.0
1858,-18.0
1859,-20.0
1860,-20.0
1861,-18.0
1862,-20.0
1863,-18.0
1864,-18.0
1865,-18.0
1866,-18.0
1867,-19.0
1868,-18.0
1869,-18.0
1870,-19.0
1871,-18.0
1872,-18.0
1873,-18.0
1874,-18.0
1875,-18.0
1876,-18.0
1877,-18.0
1878,-19.0
1879,-18.0
1880,-18.0
1881,-18.0
1882,-18.0
1883,-18.0
1884,-18.0
1885,-18.0
1886,-18.0
1887,-23.0
1888,-18.0
1889,-18.0
1890,-18.0
1891,-18.0
1892,-18.0
1893,-18.0
1894,-19.0
1895,-18.0
1896,-18.0
1897,-18.0
1898,-18.0
1899,-18.0
1900,-19.0
1901,-18.0
1902,-18.0
1903,-18.0
1904,-18.0
1905,-18.0
1906,-18.0
1907,-19.0
1908,-19.0
1909,-18.0
1910,-18.0
1911,-19.0
1912,-18.0
1913,-19.0
1914,-18.0
1915,-18.0
1916,-18.0
1917,-18.0
1918,-18.0
1919,-18.0
1920,-18.0
1921,-18.0
1922,-18.0
1923,-18.0
1924,-20.0
1925,-18.0
1926,-18.0
1927,-18.0
1928,-18.0
1929,-19.0
1930,-18.0
1931,-18.0
1932,-20.0
1933,-18.0
1934,-21.0
1935,-15.0
1936,-18.0
1937,-4.0
1938,-18.0
1939,-24.0
1940,-19.0
1941,-20.0
1942,-18.0
1943,-18.0
1944,-18.0
1945,-18.0
1946,-20.0
1947,-18.0
1948,-18.0
1949,-18.0
1950,-18.0
1951,-18.0
1952,-18.0
1953,-18.0
1954,-20.0
1955,-18.0
1956,-18.0
1957,-18.0
1958,-18.0
1959,-18.0
1960,-18.0
1961,-18.0
1962,-18.0
1963,-18.0
1964,-18.0
1965,-19.0
1966,-21.0
1967,-19.0
1968,-19.0
1969,-18.0
1970,-18.0
1971,-18.0
1972,-18.0
1973,-19.0
1974,-21.0
1975,-18.0
1976,-18.0
1977,-18.0
1978,-20.0
1979,-18.0
1980,-18.0
1981,-18.0
1982,-18.0
1983,-18.0
1984,-19.0
1985,-19.0
1986,-18.0
1987,-18.0
1988,-20.0
1989,-21.0
1990,0.0
1991,-19.0
1992,-21.0
1993,-22.0
1994,-18.0
1995,-19.0
1996,-18.0
1997,-18.0
1998,-18.0
1999,-18.0
2000,-18.0
2001,-18.0
2002,-18.0
2003,-18.0
2004,-18.0
2005,-18.0
2006,-20.0
2007,-20.0
2008,-19.0
2009,-18.0
2010,-18.0
2011,-18.0
2012,-18.0
2013,-18.0
2014,-18.0
2015,-18.0
2016,-19.0
2017,-18.0
2018,-25.0
2019,-18.0
2020,-18.0
2021,-18.0
2022,-18.0
2023,-18.0
2024,-18.0
2025,-18.0
2026,-18.0
2027,-18.0
2028,-18.0
2029,-18.0
2030,-18.0
2031,-21.0
2032,-18.0
2033,-18.0
2034,-18.0
2035,-19.0
2036,-18.0
2037,-18.0
2038,-18.0
2039,-19.0
2040,-19.0
2041,-19.0
2042,-19.0
2043,-18.0
2044,-18.0
2045,-18.0
2046,-22.0
2047,-18.0
2048,-18.0
2049,-19.0
2050,-18.0
2051,-19.0
2052,-18.0
2053,-18.0
2054,-18.0
2055,-18.0
2056,-18.0
2057,-1.0
2058,-18.0
2059,-18.0
2060,-18.0
2061,-21.0
2062,-18.0
2063,-18.0
2064,-20.0
2065,-18.0
2066,-21.0
2067,-20.0
2068,-19.0
2069,-18.0
2070,-18.0
2071,-18.0
2072,-18.0
2073,-94.0
2074,-18.0
2075,-18.0
2076,-18.0
2077,-19.0
2078,-19.0
2079,-18.0
2080,-18.0
2081,-19.0
2082,-18.0
2083,-18.0
2084,-19.0
2085,-18.0
2086,-18.0
2087,-18.0
2088,-18.0
2089,-18.0
2090,-20.0
2091,-18.0
2092,-18.0
2093,-18.0
2094,-19.0
2095,-18.0
2096,-18.0
2097,-18.0
2098,-18.0
2099,-18.0
2100,-19.0
2101,-18.0
2102,-19.0
2103,-18.0
2104,-18.0
2105,-18.0
2106,-18.0
2107,-1.0
2108,-18.0
2109,-18.0
2110,-18.0
2111,-19.0
2112,-18.0
2113,-18.0
2114,-18.0
2115,-18.0
2116,-18.0
2117,-18.0
2118,-18.0
2119,-18.0
2120,-18.0
2121,-18.0
2122,-18.0
2123,-20.0
2124,-20.0
2125,-19.0
2126,-18.0
2127,-18.0
2128,-18.0
2129,-18.0
2130,-18.0
2131,-18.0
2132,-18.0
2133,-18.0
2134,-18.0
2135,-18.0
2136,-19.0
2137,-18.0
2138,-18.0
2139,-20.0
2140,-18.0
2141,-18.0
2142,-18.0
2143,-18.0
2144,-18.0
2145,-19.0
2146,-18.0
2147,-19.0
2148,-18.0
2149,-18.0
2150,-18.0
2151,-18.0
2152,-18.0
2153,-18.0
2154,-18.0
2155,-18.0
2156,-3.0
2157,-18.0
2158,-18.0
2159,-18.0
2160,-21.0
2161,-18.0
2162,-18.0
2163,-18.0
2164,-18.0
2165,-18.0
2166,-20.0
2167,-21.0
2168,-18.0
2169,-18.0
2170,-18.0
2171,-18.0
2172,-19.0
2173,-18.0
2174,-18.0
2175,-18.0
2176,-20.0
2177,-18.0
2178,-18.0
2179,-18.0
2180,-18.0
2181,-18.0
2182,-20.0
2183,-18.0
2184,-18.0
2185,-18.0
2186,-18.0
2187,-18.0
2188,-18.0
2189,-18.0
2190,-18.0
2191,-18.0
2192,-18.0
2193,-18.0
2194,-18.0
2195,-18.0
2196,-19.0
2197,-18.0
2198,-18.0
2199,-18.0
2200,-19.0
2201,-18.0
2202,-18.0
2203,-19.0
2204,-18.0
2205,-18.0
2206,-18.0
2207,-21.0
2208,-18.0
2209,-18.0
2210,-18.0
2211,-18.0
2212,-18.0
2213,-18.0
2214,-18.0
2215,-18.0
2216,-21.0
2217,-19.0
2218,-18.0
2219,-19.0
2220,-18.0
2221,-18.0
2222,-18.0
2223,-18.0
2224,-18.0
2225,-18.0
2226,-18.0
2227,-18.0
2228,-18.0
2229,-18.0
2230,-18.0
2231,-18.0
2232,-18.0
2233,-18.0
2234,-18.0
2235,-18.0
2236,-18.0
2237,-22.0
2238,-18.0
2239,-18.0
2240,-18.0
2241,-18.0
2242,-18.0
2243,-21.0
2244,-18.0
2245,-19.0
2246,-18.0
2247,-19.0
2248,-18.0
2249,-18.0
2250,-18.0
2251,-18.0
2252,-1.0
2253,-19.0
2254,-18.0
2255,-18.0
2256,-18.0
2257,-18.0
2258,-18.0
2259,-18.0
2260,-18.0
2261,-20.0
2262,-18.0
2263,-18.0
2264,-20.0
2265,-19.0
2266,-18.0
2267,-18.0
2268,-18.0
2269,-19.0
2270,-18.0
2271,-24.0
2272,-12.0
2273,-18.0
2274,-18.0
2275,-18.0
2276,-19.0
2277,-20.0
2278,-18.0
2279,-18.0
2280,-18.0
2281,-18.0
2282,-18.0
2283,-21.0
2284,-19.0
2285,-18.0
2286,-18.0
2287,-18.0
2288,-18.0
2289,-19.0
2290,-19.0
2291,-19.0
2292,-18.0
2293,-18.0
2294,-19.0
2295,-18.0
2296,-21.0
2297,-18.0
2298,-18.0
2299,-18.0
2300,-18.0
2301,-18.0
2302,-18.0
2303,-18.0
2304,-19.0
2305,-18.0
2306,-20.0
2307,-18.0
2308,-18.0
2309,-21.0
2310,-18.0
2311,-20.0
2312,-18.0
2313,-18.0
2314,-19.0
2315,-18.0
2316,-20.0
2317,-21.0
2318,-18.0
2319,-18.0
2320,-20.0
2321,-18.0
2322,-19.0
2323,-20.0
2324,-18.0
2325,-18.0
2326,-18.0
2327,-18.0
2328,-18.0
2329,-18.0
2330,-18.0
2331,-18.0
2332,-18.0
2333,-18.0
2334,-18.0
2335,-17.0
2336,-18.0
2337,-18.0
2338,-24.0
2339,-18.0
2340,-18.0
2341,-18.0
2342,-18.0
2343,-18.0
2344,-19.0
2345,-18.0
2346,-18.0
2347,-18.0
2348,-19.0
2349,-18.0
2350,-18.0
2351,-18.0
2352,-19.0
2353,-18.0
2354,-19.0
2355,-19.0
2356,-18.0
2357,-18.0
2358,-18.0
2359,-18.0
2360,-18.0
2361,-18.0
2362,-18.0
2363,-18.0
2364,-18.0
2365,-18.0
2366,-20.0
2367,-19.0
2368,-18.0
2369,-18.0
2370,-18.0
2371,-18.0
2372,-22.0
2373,-18.0
2374,-18.0
2375,-18.0
2376,-18.0
2377,-20.0
2378,-18.0
2379,-18.0
2380,-18.0
2381,-26.0
2382,-21.0
2383,-18.0
2384,-18.0
2385,-18.0
2386,-19.0
2387,-18.0
2388,-18.0
2389,-18.0
2390,-19.0
2391,-18.0
2392,-18.0
2393,-18.0
2394,-18.0
2395,-18.0
2396,-18.0
2397,-18.0
2398,-19.0
2399,-18.0
2400,-18.0
2401,-19.0
2402,-18.0
2403,-18.0
2404,-20.0
2405,-20.0
2406,-18.0
2407,-18.0
2408,-19.0
2409,-18.0
2410,-18.0
2411,-18.0
2412,-18.0
2413,-18.0
2414,-18.0
2415,-18.0
2416,-18.0
2417,-18.0
2418,-18.0
2419,-18.0
2420,-18.0
2421,-18.0
2422,-18.0
2423,-18.0
2424,-18.0
2425,-18.0
2426,-18.0
2427,-20.0
2428,-18.0
2429,-18.0
2430,-18.0
2431,-18.0
2432,-18.0
2433,-18.0
2434,-20.0
2435,-18.0
2436,-18.0
2437,-18.0
2438,-18.0
2439,-18.0
2440,-18.0
2441,-19.0
2442,-22.0
2443,-20.0
2444,-18.0
2445,-19.0
2446,-18.0
2447,-18.0
2448,-19.0
2449,-18.0
2450,-25.0
2451,-19.0
2452,-18.0
2453,-20.0
2454,-19.0
2455,-18.0
2456,-18.0
2457,-18.0
2458,-18.0
2459,-18.0
2460,-18.0
2461,-19.0
2462,-18.0
2463,-18.0
2464,-18.0
2465,-18.0
2466,-18.0
2467,-18.0
2468,-18.0
2469,-18.0
2470,-18.0
2471,-19.0
2472,-18.0
2473,-18.0
2474,-20.0
2475,-18.0
2476,-19.0
2477,-18.0
2478,-18.0
2479,-18.0
2480,-18.0
2481,-18.0
2482,-18.0
2483,-18.0
2484,-18.0
2485,-18.0
2486,-18.0
2487,-18.0
2488,-18.0
2489,-18.0
2490,-19.0
2491,-18.0
2492,-19.0
2493,-18.0
2494,-18.0
2495,-18.0
2496,-18.0
2497,-18.0
2498,-20.0
2499,-18.0
2500,-18.0
2501,-18.0
2502,-18.0
2503,-18.0
2504,-18.0
2505,-18.0
2506,-18.0
2507,-19.0
2508,-18.0
2509,-18.0
2510,-18.0
2511,-18.0
2512,-18.0
2513,-18.0
2514,-18.0
2515,-18.0
2516,-18.0
2517,-18.0
2518,-18.0
2519,-18.0
2520,-18.0
2521,-18.0
2522,-18.0
2523,-18.0
2524,-19.0
2525,-18.0
2526,-18.0
2527,-18.0
2528,-18.0
2529,-18.0
2530,-18.0
2531,-18.0
2532,-18.0
2533,-18.0
2534,-19.0
2535,-19.0
2536,-18.0
2537,-18.0
2538,-18.0
2539,-18.0
2540,-19.0
2541,-18.0
2542,-18.0
2543,-18.0
2544,-18.0
2545,-18.0
2546,-18.0
2547,-18.0
2548,-18.0
2549,-18.0
2550,-18.0
2551,-18.0
2552,-18.0
2553,-18.0
2554,-18.0
2555,-18.0
2556,-18.0
2557,-20.0
2558,-19.0
2559,-18.0
2560,-18.0
2561,-18.0
2562,-18.0
2563,-18.0
2564,-18.0
2565,-18.0
2566,-18.0
2567,-18.0
2568,-18.0
2569,-18.0
2570,-18.0
2571,-18.0
2572,-18.0
2573,-19.0
2574,-18.0
2575,-18.0
2576,-19.0
2577,-18.0
2578,-18.0
2579,-18.0
2580,-31.0
2581,-18.0
2582,-24.0
2583,-18.0
2584,-18.0
2585,-18.0
2586,-18.0
2587,-18.0
2588,-18.0
2589,-18.0
2590,-19.0
2591,-18.0
2592,-18.0
2593,-19.0
2594,-18.0
2595,-18.0
2596,-18.0
2597,-18.0
2598,-18.0
2599,-18.0
2600,-18.0
2601,-18.0
2602,-19.0
2603,-20.0
2604,-18.0
2605,-18.0
2606,-18.0
2607,-18.0
2608,-18.0
2609,-18.0
2610,-18.0
2611,-18.0
2612,-18.0
2613,-18.0
2614,-18.0
2615,-18.0
2616,-18.0
2617,-23.0
2618,-18.0
2619,-18.0
2620,-18.0
2621,-18.0
2622,-18.0
2623,-18.0
2624,-18.0
2625,-18.0
2626,-18.0
2627,-18.0
2628,-22.0
2629,-18.0
2630,-18.0
2631,-18.0
2632,-18.0
2633,-18.0
2634,-18.0
2635,-18.0
2636,-18.0
2637,-18.0
2638,-18.0
2639,-18.0
2640,-20.0
2641,-18.0
2642,-18.0
2643,-18.0
2644,-18.0
2645,-19.0
2646,-18.0
2647,-18.0
2648,-19.0
2649,-18.0
2650,-18.0
2651,-18.0
2652,-18.0
2653,-20.0
2654,-19.0
2655,-18.0
2656,-18.0
2657,-18.0
2658,-21.0
2659,-18.0
2660,-18.0
2661,-18.0
2662,-18.0
2663,-18.0
2664,-18.0
2665,-18.0
2666,-18.0
2667,-18.0
2668,-18.0
2669,-18.0
2670,-18.0
2671,-18.0
2672,-18.0
2673,-18.0
2674,-18.0
2675,-18.0
2676,-18.0
2677,-18.0
2678,-18.0
2679,-20.0
2680,-18.0
2681,-18.0
2682,-18.0
2683,-18.0
2684,-18.0
2685,-18.0
2686,-18.0
2687,-18.0
2688,-18.0
2689,-20.0
2690,-18.0
2691,-18.0
2692,-19.0
2693,-18.0
2694,-18.0
2695,-19.0
2696,-18.0
2697,-18.0
2698,-18.0
2699,-18.0
2700,-20.0
2701,-18.0
2702,-19.0
2703,-18.0
2704,-18.0
2705,-18.0
2706,-19.0
2707,-19.0
2708,-19.0
2709,-18.0
2710,-19.0
2711,-18.0
2712,-18.0
2713,-18.0
2714,-18.0
2715,-18.0
2716,-19.0
2717,-18.0
2718,-22.0
2719,-18.0
2720,-19.0
2721,-20.0
2722,-18.0
2723,-18.0
2724,-18.0
2725,-18.0
2726,-18.0
2727,-18.0
2728,-18.0
2729,-20.0
2730,-18.0
2731,-24.0
2732,-18.0
2733,-18.0
2734,-18.0
2735,-18.0
2736,-18.0
2737,-18.0
2738,-18.0
2739,-19.0
2740,-18.0
2741,-18.0
2742,-18.0
2743,-19.0
2744,-20.0
2745,-18.0
2746,-19.0
2747,-18.0
2748,-18.0
2749,-18.0
2750,-18.0
2751,-18.0
2752,-18.0
2753,-18.0
2754,-18.0
2755,-18.0
2756,-18.0
2757,-18.0
2758,-18.0
2759,-18.0
2760,-18.0
2761,-18.0
2762,-18.0
2763,-18.0
2764,-18.0
2765,-18.0
2766,-18.0
2767,-18.0
2768,-14.0
2769,-18.0
2770,-20.0
2771,-20.0
2772,-18.0
2773,-18.0
2774,-18.0
2775,-18.0
2776,-18.0
2777,-18.0
2778,-18.0
2779,-18.0
2780,-18.0
2781,-18.0
2782,-19.0
2783,-18.0
2784,-18.0
2785,-18.0
2786,-18.0
2787,-18.0
2788,-19.0
2789,-20.0
2790,-20.0
2791,-18.0
2792,-19.0
2793,-20.0
2794,-3.0
2795,-18.0
2796,-18.0
2797,-18.0
2798,-18.0
2799,-18.0
2800,-18.0
2801,-18.0
2802,-18.0
2803,-18.0
2804,-18.0
2805,-18.0
2806,-20.0
2807,-18.0
2808,-19.0
2809,-18.0
2810,-18.0
2811,-18.0
2812,-19.0
2813,-18.0
2814,-18.0
2815,-19.0
2816,-18.0
2817,-18.0
2818,-19.0
2819,-18.0
2820,-18.0
2821,-19.0
2822,-18.0
2823,-18.0
2824,-18.0
2825,-18.0
2826,-18.0
2827,-18.0
2828,-18.0
2829,-18.0
2830,-20.0
2831,-18.0
2832,-18.0
2833,-18.0
2834,-20.0
2835,-18.0
2836,-20.0
2837,-18.0
2838,-18.0
2839,-20.0
2840,-18.0
2841,-18.0
2842,0.0
2843,-18.0
2844,-18.0
2845,-18.0
2846,-18.0
2847,-18.0
2848,-20.0
2849,-18.0
2850,-18.0
2851,-18.0
2852,-18.0
2853,-18.0
2854,-18.0
2855,-18.0
2856,-18.0
2857,-20.0
2858,-19.0
2859,-18.0
2860,-21.0
2861,-19.0
2862,-18.0
2863,-18.0
2864,-19.0
2865,-20.0
2866,-19.0
2867,-19.0
2868,-20.0
2869,-19.0
2870,-19.0
2871,-18.0
2872,-18.0
2873,-18.0
2874,-18.0
2875,-18.0
2876,-18.0
2877,-18.0
2878,-18.0
2879,-18.0
2880,-18.0
2881,-18.0
2882,-18.0
2883,-18.0
2884,-18.0
2885,-18.0
2886,-18.0
2887,-20.0
2888,-18.0
2889,-18.0
2890,-19.0
2891,-18.0
2892,-18.0
2893,-18.0
2894,-18.0
2895,-19.0
2896,-18.0
2897,-18.0
2898,-19.0
2899,-18.0
2900,-18.0
2901,-20.0
2902,-18.0
2903,-18.0
2904,-20.0
2905,-18.0
2906,-18.0
2907,-18.0
2908,-18.0
2909,-18.0
2910,-18.0
2911,-18.0
2912,-18.0
2913,-18.0
2914,-18.0
2915,-18.0
2916,-18.0
2917,-18.0
2918,-18.0
2919,-18.0
2920,-18.0
2921,-18.0
2922,-18.0
2923,-18.0
2924,-2.0
2925,-18.0
2926,-18.0
2927,-18.0
2928,-18.0
2929,-18.0
2930,-18.0
2931,-18.0
2932,-18.0
2933,-18.0
2934,-18.0
2935,-19.0
2936,-18.0
2937,-18.0
2938,-19.0
2939,-18.0
2940,0.0
2941,-18.0
2942,-18.0
2943,-18.0
2944,-6.0
2945,-18.0
2946,-18.0
2947,-18.0
2948,-18.0
2949,-1.0
2950,-18.0
2951,-20.0
2952,-18.0
2953,-20.0
2954,-18.0
2955,-18.0
2956,-18.0
2957,-22.0
2958,-18.0
2959,-19.0
2960,-18.0
2961,-18.0
2962,-20.0
2963,-18.0
2964,-18.0
2965,-18.0
2966,-18.0
2967,-18.0
2968,-18.0
2969,-18.0
2970,-18.0
2971,-18.0
2972,-19.0
2973,-18.0
2974,-18.0
2975,-18.0
2976,-18.0
2977,-18.0
2978,-18.0
2979,-18.0
2980,-18.0
2981,-18.0
2982,-18.0
2983,-18.0
2984,-18.0
2985,-18.0
2986,-18.0
2987,-20.0
2988,-18.0
2989,-18.0
2990,-18.0
2991,-19.0
2992,-18.0
2993,-18.0
2994,-18.0
2995,-18.0
2996,-18.0
2997,-18.0
2998,-19.0
2999,-18.0
3000,-18.0
3001,-18.0
3002,-18.0
3003,-18.0
3004,-18.0
3005,-18.0
3006,-18.0
3007,-18.0
3008,-18.0
3009,-18.0
3010,-18.0
3011,-19.0
3012,-18.0
3013,-18.0
3014,-18.0
3015,-18.0
3016,-18.0
3017,-18.0
3018,-18.0
3019,-18.0
3020,-18.0
3021,-19.0
3022,-18.0
3023,-18.0
3024,-19.0
3025,-18.0
3026,-18.0
3027,-18.0
3028,-18.0
3029,-18.0
3030,-18.0
3031,-18.0
3032,-18.0
3033,-18.0
3034,-19.0
3035,-20.0
3036,-18.0
3037,-18.0
3038,-18.0
3039,-18.0
3040,-18.0
3041,-18.0
3042,-18.0
3043,-18.0
3044,-18.0
3045,-19.0
3046,-19.0
3047,-17.0
3048,-18.0
3049,-18.0
3050,-18.0
3051,-22.0
3052,-19.0
3053,-18.0
3054,-18.0
3055,-18.0
3056,-18.0
3057,-18.0
3058,-19.0
3059,-22.0
3060,-18.0
3061,-18.0
3062,-18.0
3063,-18.0
3064,-18.0
3065,-18.0
3066,-18.0
3067,-18.0
3068,-18.0
3069,-24.0
3070,-18.0
3071,-19.0
3072,-18.0
3073,-18.0
3074,-18.0
3075,-18.0
3076,-4.0
3077,-18.0
3078,-18.0
3079,-20.0
3080,-18.0
3081,-18.0
3082,-19.0
3083,-18.0
3084,-18.0
3085,-18.0
3086,-19.0
3087,-21.0
3088,-18.0
3089,-18.0
3090,-18.0
3091,-18.0
3092,-18.0
3093,-18.0
3094,-20.0
3095,-18.0
3096,-20.0
3097,-18.0
3098,-18.0
3099,-18.0
3100,-18.0
3101,-18.0
3102,-19.0
3103,-19.0
3104,-18.0
3105,-18.0
3106,-21.0
3107,-18.0
3108,-18.0
3109,-19.0
3110,-18.0
3111,-18.0
3112,-18.0
3113,-19.0
3114,-18.0
3115,-18.0
3116,-20.0
3117,-18.0
3118,-18.0
3119,-18.0
3120,-18.0
3121,-18.0
3122,-18.0
3123,-18.0
3124,-18.0
3125,-18.0
3126,-18.0
3127,-20.0
3128,-18.0
3129,-18.0
3130,-23.0
3131,-18.0
3132,-18.0
3133,-18.0
3134,-18.0
3135,-19.0
3136,-18.0
3137,-21.0
3138,-20.0
3139,-18.0
3140,-18.0
3141,-18.0
3142,-19.0
3143,-20.0
3144,-18.0
3145,-18.0
3146,-19.0
3147,-20.0
3148,-19.0
3149,-18.0
3150,-19.0
3151,-18.0
3152,-20.0
3153,-18.0
3154,-19.0
3155,-18.0
3156,-18.0
3157,-18.0
3158,-18.0
3159,-18.0
3160,-20.0
3161,-18.0
3162,-18.0
3163,-18.0
3164,-18.0
3165,-18.0
3166,-18.0
3167,-19.0
3168,-3.0
3169,-18.0
3170,-19.0
3171,-19.0
3172,-19.0
3173,-18.0
3174,-22.0
3175,-19.0
3176,-18.0
3177,-18.0
3178,-18.0
3179,-18.0
3180,-18.0
3181,-19.0
3182,-18.0
3183,-18.0
3184,-18.0
3185,-18.0
3186,-18.0
3187,-18.0
3188,-18.0
3189,-18.0
3190,-18.0
3191,-20.0
3192,-18.0
3193,-18.0
3194,-18.0
3195,-18.0
3196,-18.0
3197,-18.0
3198,-18.0
3199,-18.0
3200,-18.0
3201,-19.0
3202,-18.0
3203,-18.0
3204,-18.0
3205,-18.0
3206,-18.0
3207,-20.0
3208,-18.0
3209,-19.0
3210,-22.0
3211,-20.0
3212,-18.0
3213,-18.0
3214,-18.0
3215,-18.0
3216,-18.0
3217,-19.0
3218,-16.0
3219,-19.0
3220,-23.0
3221,-18.0
3222,-18.0
3223,-18.0
3224,-20.0
3225,-18.0
3226,-19.0
3227,-18.0
3228,-21.0
3229,-20.0
3230,-18.0
3231,-19.0
3232,-18.0
3233,-18.0
3234,-18.0
3235,-21.0
3236,-19.0
3237,-18.0
3238,-20.0
3239,-18.0
3240,-19.0
3241,-18.0
3242,-18.0
3243,-19.0
3244,-18.0
3245,-18.0
3246,-18.0
3247,-19.0
3248,-18.0
3249,-18.0
3250,-18.0
3251,-18.0
3252,-19.0
3253,-18.0
3254,-18.0
3255,-18.0
3256,-18.0
3257,-19.0
3258,-18.0
3259,-19.0
3260,-19.0
3261,-18.0
3262,-18.0
3263,-18.0
3264,-19.0
3265,-20.0
3266,-3.0
3267,-18.0
3268,-18.0
3269,-18.0
3270,-18.0
3271,-18.0
3272,-18.0
3273,-18.0
3274,-18.0
3275,-22.0
3276,-18.0
3277,-18.0
3278,-18.0
3279,-18.0
3280,-18.0
3281,-20.0
3282,-18.0
3283,-18.0
3284,-18.0
3285,-19.0
3286,-18.0
3287,-18.0
3288,-18.0
3289,-18.0
3290,-21.0
3291,-19.0
3292,-18.0
3293,-18.0
3294,-18.0
3295,-18.0
3296,-18.0
3297,-18.0
3298,-18.0
3299,-18.0
3300,-18.0
3301,-18.0
3302,-18.0
3303,-18.0
3304,-18.0
3305,-18.0
3306,-18.0
3307,-18.0
3308,-20.0
3309,-19.0
3310,-18.0
3311,-19.0
3312,-20.0
3313,-18.0
3314,-18.0
3315,-19.0
3316,-18.0
3317,-19.0
3318,-18.0
3319,-18.0
3320,-18.0
3321,-19.0
3322,-18.0
3323,-18.0
3324,-18.0
3325,-18.0
3326,-18.0
3327,-19.0
3328,-18.0
3329,-19.0
3330,-19.0
3331,-18.0
3332,-18.0
3333,-18.0
3334,-18.0
3335,-19.0
3336,-18.0
3337,-18.0
3338,-18.0
3339,-18.0
3340,-19.0
3341,-18.0
3342,-18.0
3343,-18.0
3344,-18.0
3345,-18.0
3346,-18.0
3347,-18.0
3348,-18.0
3349,-18.0
3350,-18.0
3351,-18.0
3352,-18.0
3353,-18.0
3354,-18.0
3355,-18.0
3356,-18.0
3357,-18.0
3358,-19.0
3359,-18.0
3360,-18.0
3361,-18.0
3362,-18.0
3363,-19.0
3364,-19.0
3365,-18.0
3366,-18.0
3367,-18.0
3368,-20.0
3369,-18.0
3370,-18.0
3371,-18.0
3372,-18.0
3373,-18.0
3374,-18.0
3375,-18.0
3376,-19.0
3377,-18.0
3378,-18.0
3379,-18.0
3380,-18.0
3381,-18.0
3382,-18.0
3383,-18.0
3384,-19.0
3385,-18.0
3386,-18.0
3387,-18.0
3388,-19.0
3389,-18.0
3390,-18.0
3391,-18.0
3392,-18.0
3393,-18.0
3394,-18.0
3395,-18.0
3396,-18.0
3397,-18.0
3398,-18.0
3399,-18.0
3400,-18.0
3401,-18.0
3402,-18.0
3403,-18.0
3404,-18.0
3405,-18.0
3406,-18.0
3407,-20.0
3408,-18.0
3409,-18.0
3410,-18.0
3411,-18.0
3412,-18.0
3413,-18.0
3414,-18.0
3415,-18.0
3416,-18.0
3417,-18.0
3418,-18.0
3419,-18.0
3420,-18.0
3421,-19.0
3422,-18.0
3423,-19.0
3424,-18.0
3425,0.0
3426,-18.0
3427,-18.0
3428,-18.0
3429,-18.0
3430,-18.0
3431,-18.0
3432,-18.0
3433,-20.0
3434,-18.0
3435,-18.0
3436,-18.0
3437,-18.0
3438,-18.0
3439,-18.0
3440,-18.0
3441,-18.0
3442,-19.0
3443,-18.0
3444,-18.0
3445,-18.0
3446,-18.0
3447,-18.0
3448,-18.0
3449,-21.0
3450,-18.0
3451,-18.0
3452,-18.0
3453,-18.0
3454,-19.0
3455,-18.0
3456,-18.0
3457,-18.0
3458,-18.0
3459,-18.0
3460,-18.0
3461,-18.0
3462,-18.0
3463,-18.0
3464,-18.0
3465,-18.0
3466,-19.0
3467,-22.0
3468,-21.0
3469,-19.0
3470,-18.0
3471,-18.0
3472,-18.0
3473,-18.0
3474,-18.0
3475,-18.0
3476,-18.0
3477,-18.0
3478,-19.0
3479,-18.0
3480,-15.0
3481,-18.0
3482,-18.0
3483,-18.0
3484,-18.0
3485,-18.0
3486,-20.0
3487,-18.0
3488,-18.0
3489,-18.0
3490,-18.0
3491,-18.0
3492,-18.0
3493,-18.0
3494,-18.0
3495,-15.0
3496,-18.0
3497,-18.0
3498,-18.0
3499,-18.0
3500,-18.0
3501,-18.0
3502,-18.0
3503,-18.0
3504,-18.0
3505,-19.0
3506,-18.0
3507,-18.0
3508,-18.0
3509,-18.0
3510,-18.0
3511,-23.0
3512,-18.0
3513,-18.0
3514,-18.0
3515,-5.0
3516,-18.0
3517,-18.0
3518,-20.0
3519,-20.0
3520,-18.0
3521,-18.0
3522,-18.0
3523,-18.0
3524,-18.0
3525,-18.0
3526,-18.0
3527,-18.0
3528,-18.0
3529,-18.0
3530,-18.0
3531,-18.0
3532,-19.0
3533,-18.0
3534,-18.0
3535,-20.0
3536,-18.0
3537,-18.0
3538,-18.0
3539,-19.0
3540,-18.0
3541,-18.0
3542,-20.0
3543,-21.0
3544,-18.0
3545,-19.0
3546,-18.0
3547,-18.0
3548,-18.0
3549,-18.0
3550,-18.0
3551,-18.0
3552,-18.0
3553,-19.0
3554,-18.0
3555,-19.0
3556,-18.0
3557,-18.0
3558,-18.0
3559,-18.0
3560,-18.0
3561,-18.0
3562,-19.0
3563,-19.0
3564,-18.0
3565,-19.0
3566,-18.0
3567,-18.0
3568,-14.0
3569,-18.0
3570,-18.0
3571,-20.0
3572,-18.0
3573,-20.0
3574,-18.0
3575,-18.0
3576,-18.0
3577,-18.0
3578,-18.0
3579,-18.0
3580,-18.0
3581,-18.0
3582,-18.0
3583,-16.0
3584,-18.0
3585,-19.0
3586,-18.0
3587,-18.0
3588,-20.0
3589,-18.0
3590,-20.0
3591,-18.0
3592,-20.0
3593,-18.0
3594,-18.0
3595,-18.0
3596,-19.0
3597,-18.0
3598,-20.0
3599,-18.0
3600,-18.0
3601,-18.0
3602,-18.0
3603,-19.0
3604,-18.0
3605,-18.0
3606,-19.0
3607,-19.0
3608,-18.0
3609,-19.0
3610,-22.0
3611,-18.0
3612,-19.0
3613,-18.0
3614,-18.0
3615,-18.0
3616,-18.0
3617,-18.0
3618,-18.0
3619,-20.0
3620,-19.0
3621,-18.0
3622,-18.0
3623,-18.0
3624,-18.0
3625,-18.0
3626,-18.0
3627,-18.0
3628,-20.0
3629,-19.0
3630,-23.0
3631,-18.0
3632,-18.0
3633,-18.0
3634,-18.0
3635,-18.0
3636,-18.0
3637,-18.0
3638,-19.0
3639,-19.0
3640,-18.0
3641,-18.0
3642,-18.0
3643,-18.0
3644,-18.0
3645,-18.0
3646,-18.0
3647,-18.0
3648,-18.0
3649,-18.0
3650,-18.0
3651,-18.0
3652,-18.0
3653,-18.0
3654,-18.0
3655,-18.0
3656,-19.0
3657,-18.0
3658,-18.0
3659,-18.0
3660,-18.0
3661,-19.0
3662,-18.0
3663,-18.0
3664,-18.0
3665,-20.0
3666,-18.0
3667,-21.0
3668,-18.0
3669,-20.0
3670,-18.0
3671,-18.0
3672,-18.0
3673,-20.0
3674,-19.0
3675,-18.0
3676,-18.0
3677,-20.0
3678,-20.0
3679,-18.0
3680,-18.0
3681,-18.0
3682,-18.0
3683,-18.0
3684,-18.0
3685,-18.0
3686,-18.0
3687,-18.0
3688,-19.0
3689,-18.0
3690,-18.0
3691,-18.0
3692,-18.0
3693,-18.0
3694,-18.0
3695,-18.0
3696,-18.0
3697,-18.0
3698,-18.0
3699,-18.0
3700,-18.0
3701,-18.0
3702,-18.0
3703,-18.0
3704,-18.0
3705,-19.0
3706,-18.0
3707,-18.0
3708,-18.0
3709,-18.0
3710,-18.0
3711,-18.0
3712,-18.0
3713,-18.0
3714,-18.0
3715,-18.0
3716,-20.0
3717,-20.0
3718,-18.0
3719,-22.0
3720,-18.0
3721,-19.0
3722,-19.0
3723,-18.0
3724,-18.0
3725,-18.0
3726,-18.0
3727,-18.0
3728,-18.0
3729,-18.0
3730,-18.0
3731,-18.0
3732,-18.0
3733,-22.0
3734,-18.0
3735,-18.0
3736,-18.0
3737,-18.0
3738,-18.0
3739,-20.0
3740,-18.0
3741,-19.0
3742,-18.0
3743,-21.0
3744,-18.0
3745,-18.0
3746,-19.0
3747,-18.0
3748,-18.0
3749,-18.0
3750,-18.0
3751,-19.0
3752,-18.0
3753,-20.0
3754,-18.0
3755,-18.0
3756,-18.0
3757,-18.0
3758,-18.0
3759,-18.0
3760,-18.0
3761,-18.0
3762,-19.0
3763,-18.0
3764,-20.0
3765,-18.0
3766,-18.0
3767,-18.0
3768,-18.0
3769,-18.0
3770,-18.0
3771,-18.0
3772,-18.0
3773,-20.0
3774,-18.0
3775,-18.0
3776,-18.0
3777,-18.0
3778,-18.0
3779,-18.0
3780,-19.0
3781,-18.0
3782,-21.0
3783,-21.0
3784,-19.0
3785,-18.0
3786,-18.0
3787,-18.0
3788,-18.0
3789,-18.0
3790,-18.0
3791,-18.0
3792,-18.0
3793,-18.0
3794,-18.0
3795,-18.0
3796,-18.0
3797,-18.0
3798,-18.0
3799,-20.0
3800,-20.0
3801,-18.0
3802,-18.0
3803,-21.0
3804,-18.0
3805,-18.0
3806,-18.0
3807,-18.0
3808,-18.0
3809,-18.0
3810,-18.0
3811,-18.0
3812,-19.0
3813,-18.0
3814,-18.0
3815,-18.0
3816,-19.0
3817,-18.0
3818,-18.0
3819,-18.0
3820,-18.0
3821,-18.0
3822,-18.0
3823,-18.0
3824,-18.0
3825,-18.0
3826,-18.0
3827,-18.0
3828,-19.0
3829,-19.0
3830,-18.0
3831,-18.0
3832,-18.0
3833,-18.0
3834,-18.0
3835,-18.0
3836,-18.0
3837,-18.0
3838,-19.0
3839,-18.0
3840,-18.0
3841,-18.0
3842,-18.0
3843,-18.0
3844,-18.0
3845,-18.0
3846,-18.0
3847,-18.0
3848,-18.0
3849,-18.0
3850,-18.0
3851,-18.0
3852,-18.0
3853,-18.0
3854,-18.0
3855,-18.0
3856,-18.0
3857,-18.0
3858,-19.0
3859,-18.0
3860,-22.0
3861,-18.0
3862,-18.0
3863,-18.0
3864,-18.0
3865,-18.0
3866,-18.0
3867,-22.0
3868,-21.0
3869,-18.0
3870,-18.0
3871,-22.0
3872,-19.0
3873,-18.0
3874,-19.0
3875,-18.0
3876,-18.0
3877,-18.0
3878,-18.0
3879,-18.0
3880,-18.0
3881,-21.0
3882,-18.0
3883,-18.0
3884,-20.0
3885,-18.0
3886,-19.0
3887,-18.0
3888,-18.0
3889,-18.0
3890,-18.0
3891,-18.0
3892,-18.0
3893,-20.0
3894,-18.0
3895,-18.0
3896,-18.0
3897,-18.0
3898,-19.0
3899,-18.0
3900,-18.0
3901,-20.0
3902,-18.0
3903,-18.0
3904,-18.0
3905,-18.0
3906,-18.0
3907,-18.0
3908,-18.0
3909,-18.0
3910,-18.0
3911,-18.0
3912,-18.0
3913,-20.0
3914,-18.0
3915,-20.0
3916,-19.0
3917,-18.0
3918,-18.0
3919,-18.0
3920,-18.0
3921,-18.0
3922,-21.0
3923,-18.0
3924,-18.0
3925,-18.0
3926,-18.0
3927,-18.0
3928,-19.0
3929,-18.0
3930,-18.0
3931,-18.0
3932,-18.0
3933,-18.0
3934,-18.0
3935,-18.0
3936,-18.0
3937,-18.0
3938,-18.0
3939,-18.0
3940,-18.0
3941,-18.0
3942,-18.0
3943,-18.0
3944,-19.0
3945,-20.0
3946,-18.0
3947,-21.0
3948,-19.0
3949,-18.0
3950,-18.0
3951,-18.0
3952,-18.0
3953,-18.0
3954,-18.0
3955,-18.0
3956,-18.0
3957,-18.0
3958,-18.0
3959,-18.0
3960,-20.0
3961,-18.0
3962,-18.0
3963,-22.0
3964,-18.0
3965,-18.0
3966,-18.0
3967,-18.0
3968,-19.0
3969,-18.0
3970,-18.0
3971,-18.0
3972,-18.0
3973,-18.0
3974,-2.0
3975,-18.0
3976,-18.0
3977,-18.0
3978,-18.0
3979,-18.0
3980,-18.0
3981,-18.0
3982,-18.0
3983,-18.0
3984,-18.0
3985,-18.0
3986,-18.0
3987,-18.0
3988,-14.0
3989,-18.0
3990,-18.0
3991,-18.0
3992,-18.0
3993,-18.0
3994,-20.0
3995,-18.0
3996,-18.0
3997,-18.0
3998,-18.0
3999,-18.0
4000,-18.0
4001,-18.0
4002,-18.0
4003,-18.0
4004,-19.0
4005,-18.0
4006,-18.0
4007,-18.0
4008,-18.0
4009,-18.0
4010,-18.0
4011,-18.0
4012,-18.0
4013,-18.0
4014,-20.0
4015,-18.0
4016,-18.0
4017,-18.0
4018,-19.0
4019,-18.0
4020,-18.0
4021,-18.0
4022,-19.0
4023,-18.0
4024,-19.0
4025,-18.0
4026,-20.0
4027,-18.0
4028,-18.0
4029,-18.0
4030,-18.0
4031,-18.0
4032,-18.0
4033,-19.0
4034,-18.0
4035,-19.0
4036,-18.0
4037,-20.0
4038,-19.0
4039,-18.0
4040,-19.0
4041,-18.0
4042,-18.0
4043,-20.0
4044,-20.0
4045,-23.0
4046,-18.0
4047,-18.0
4048,-20.0
4049,-18.0
4050,-18.0
4051,-18.0
4052,-18.0
4053,-18.0
4054,-18.0
4055,-19.0
4056,-18.0
4057,-22.0
4058,-18.0
4059,-19.0
4060,-18.0
4061,-18.0
4062,-18.0
4063,-18.0
4064,-18.0
4065,-18.0
4066,-18.0
4067,-18.0
4068,-18.0
4069,-18.0
4070,-18.0
4071,-18.0
4072,-19.0
4073,-20.0
4074,-18.0
4075,-18.0
4076,-18.0
4077,-20.0
4078,-19.0
4079,-18.0
4080,-18.0
4081,-18.0
4082,-20.0
4083,-20.0
4084,-18.0
4085,-18.0
4086,-18.0
4087,-18.0
4088,-18.0
4089,-19.0
4090,-18.0
4091,-18.0
4092,-20.0
4093,-18.0
4094,-18.0
4095,-18.0
4096,-18.0
4097,-18.0
4098,-18.0
4099,-18.0
4100,-18.0
4101,-8.0
4102,-18.0
4103,-12.0
4104,-19.0
4105,-19.0
4106,-18.0
4107,-18.0
4108,-18.0
4109,-18.0
4110,-18.0
4111,-18.0
4112,-18.0
4113,-18.0
4114,-23.0
4115,-18.0
4116,-19.0
4117,-20.0
4118,-18.0
4119,-22.0
4120,-18.0
4121,-18.0
4122,-18.0
4123,-18.0
4124,-18.0
4125,-18.0
4126,-18.0
4127,-18.0
4128,-18.0
4129,-21.0
4130,-18.0
4131,-19.0
4132,-18.0
4133,-19.0
4134,-18.0
4135,-18.0
4136,-19.0
4137,-19.0
4138,-18.0
4139,-19.0
4140,-18.0
4141,-18.0
4142,-18.0
4143,-19.0
4144,-18.0
4145,-18.0
4146,-18.0
4147,-18.0
4148,-18.0
4149,-18.0
4150,-18.0
4151,-18.0
4152,-18.0
4153,-19.0
4154,-18.0
4155,-19.0
4156,-18.0
4157,-18.0
4158,-18.0
4159,-18.0
4160,-18.0
4161,-18.0
4162,-18.0
4163,-18.0
4164,-18.0
4165,-20.0
4166,-18.0
4167,-19.0
4168,-18.0
4169,-17.0
4170,-18.0
4171,-18.0
4172,-18.0
4173,-18.0
4174,-18.0
4175,-18.0
4176,-18.0
4177,-18.0
4178,-18.0
4179,-18.0
4180,-18.0
4181,-18.0
4182,-18.0
4183,-20.0
4184,-18.0
4185,-18.0
4186,-19.0
4187,-20.0
4188,-18.0
4189,-18.0
4190,-18.0
4191,-19.0
4192,-18.0
4193,-18.0
4194,-18.0
4195,-19.0
4196,-18.0
4197,-19.0
4198,-18.0
4199,-18.0
4200,-18.0
4201,-18.0
4202,-18.0
4203,-18.0
4204,-18.0
4205,-18.0
4206,-18.0
4207,-18.0
4208,-18.0
4209,-18.0
4210,-18.0
4211,-19.0
4212,-18.0
4213,-18.0
4214,-18.0
4215,-18.0
4216,-19.0
4217,-18.0
4218,-19.0
4219,-19.0
4220,-18.0
4221,-18.0
4222,-18.0
4223,-18.0
4224,-18.0
4225,-18.0
4226,-18.0
4227,-18.0
4228,-18.0
4229,-18.0
4230,-18.0
4231,-23.0
4232,-19.0
4233,-18.0
4234,-18.0
4235,-18.0
4236,-18.0
4237,-18.0
4238,-19.0
4239,-18.0
4240,-18.0
4241,-18.0
4242,-18.0
4243,-18.0
4244,-18.0
4245,-19.0
4246,-18.0
4247,-18.0
4248,-18.0
4249,-22.0
4250,-18.0
4251,-19.0
4252,-18.0
4253,-18.0
4254,-18.0
4255,-18.0
4256,-18.0
4257,-18.0
4258,-19.0
4259,-20.0
4260,-18.0
4261,-18.0
4262,-9.0
4263,-18.0
4264,-18.0
4265,-18.0
4266,-18.0
4267,-19.0
4268,-19.0
4269,-18.0
4270,-18.0
4271,-18.0
4272,-18.0
4273,-20.0
4274,-18.0
4275,-20.0
4276,-18.0
4277,-18.0
4278,-18.0
4279,-18.0
4280,-18.0
4281,-18.0
4282,-18.0
4283,-18.0
4284,-18.0
4285,-18.0
4286,-18.0
4287,-18.0
4288,-18.0
4289,-18.0
4290,-18.0
4291,-18.0
4292,-18.0
4293,-18.0
4294,-20.0
4295,-19.0
4296,-18.0
4297,-21.0
4298,-18.0
4299,-18.0
4300,-21.0
4301,-18.0
4302,-18.0
4303,-18.0
4304,-19.0
4305,-19.0
4306,-18.0
4307,-17.0
4308,-18.0
4309,-18.0
4310,-18.0
4311,-18.0
4312,-21.0
4313,-18.0
4314,-18.0
4315,-20.0
4316,-18.0
4317,-18.0
4318,-18.0
4319,-7.0
4320,-20.0
4321,-18.0
4322,-18.0
4323,-18.0
4324,-18.0
4325,-18.0
4326,-18.0
4327,-18.0
4328,-18.0
4329,-18.0
4330,-19.0
4331,-18.0
4332,-18.0
4333,-18.0
4334,-18.0
4335,-19.0
4336,-19.0
4337,-18.0
4338,-18.0
4339,-18.0
4340,-18.0
4341,-4.0
4342,-18.0
4343,-18.0
4344,-18.0
4345,-28.0
4346,-19.0
4347,-18.0
4348,-18.0
4349,-18.0
4350,-18.0
4351,-18.0
4352,-18.0
4353,-19.0
4354,-20.0
4355,-19.0
4356,-18.0
4357,-18.0
4358,-18.0
4359,-20.0
4360,-18.0
4361,-18.0
4362,-18.0
4363,-18.0
4364,-18.0
4365,-19.0
4366,-18.0
4367,-18.0
4368,-18.0
4369,-18.0
4370,-18.0
4371,-18.0
4372,-20.0
4373,-20.0
4374,-19.0
4375,-18.0
4376,-18.0
4377,-18.0
4378,-18.0
4379,-18.0
4380,-18.0
4381,-19.0
4382,-18.0
4383,-18.0
4384,-18.0
4385,-18.0
4386,-18.0
4387,-19.0
4388,-18.0
4389,-20.0
4390,-18.0
4391,-19.0
4392,-18.0
4393,-18.0
4394,-18.0
4395,-18.0
4396,-20.0
4397,-18.0
4398,-18.0
4399,-20.0
4400,-18.0
4401,-18.0
4402,-20.0
4403,-18.0
4404,-18.0
4405,-18.0
4406,-18.0
4407,-18.0
4408,-18.0
4409,-18.0
4410,-18.0
4411,-18.0
4412,-20.0
4413,-20.0
4414,-18.0
4415,-18.0
4416,-18.0
4417,-18.0
4418,-18.0
4419,-20.0
4420,-15.0
4421,-18.0
4422,-18.0
4423,-18.0
4424,-18.0
4425,-19.0
4426,-19.0
4427,-19.0
4428,-19.0
4429,-18.0
4430,-18.0
4431,-18.0
4432,-20.0
4433,-18.0
4434,-20.0
4435,-18.0
4436,-18.0
4437,-18.0
4438,-20.0
4439,-18.0
4440,-18.0
4441,-18.0
4442,-18.0
4443,-18.0
4444,-18.0
4445,-18.0
4446,-18.0
4447,-18.0
4448,-18.0
4449,-18.0
4450,-18.0
4451,-18.0
4452,-19.0
4453,-18.0
4454,-18.0
4455,-18.0
4456,-18.0
4457,-18.0
4458,-18.0
4459,-18.0
4460,-18.0
4461,-18.0
4462,-18.0
4463,-18.0
4464,-13.0
4465,-18.0
4466,-18.0
4467,-18.0
4468,-18.0
4469,-18.0
4470,-18.0
4471,-18.0
4472,-18.0
4473,-18.0
4474,-19.0
4475,-3.0
4476,-18.0
4477,-19.0
4478,-19.0
4479,-18.0
4480,-15.0
4481,-18.0
4482,-18.0
4483,-18.0
4484,-18.0
4485,-18.0
4486,-18.0
4487,-18.0
4488,-18.0
4489,-19.0
4490,-19.0
4491,-18.0
4492,-18.0
4493,-19.0
4494,-20.0
4495,-18.0
4496,-94.0
4497,-18.0
4498,-18.0
4499,-18.0
4500,-18.0
4501,-18.0
4502,-19.0
4503,-18.0
4504,-18.0
4505,-18.0
4506,-18.0
4507,-28.0
4508,-18.0
4509,-18.0
4510,-18.0
4511,-18.0
4512,-18.0
4513,-18.0
4514,-20.0
4515,-18.0
4516,-18.0
4517,-18.0
4518,-18.0
4519,-18.0
4520,-18.0
4521,-18.0
4522,-19.0
4523,-18.0
4524,-18.0
4525,-20.0
4526,-18.0
4527,-18.0
4528,-19.0
4529,-19.0
4530,-18.0
4531,-18.0
4532,-18.0
4533,-83.0
4534,-18.0
4535,-18.0
4536,-20.0
4537,-18.0
4538,-18.0
4539,-18.0
4540,-18.0
4541,-19.0
4542,-18.0
4543,-19.0
4544,-18.0
4545,-18.0
4546,-18.0
4547,-18.0
4548,-18.0
4549,-18.0
4550,-18.0
4551,-18.0
4552,-18.0
4553,-18.0
4554,-18.0
4555,-19.0
4556,-18.0
4557,-19.0
4558,-19.0
4559,-18.0
4560,-18.0
4561,-18.0
4562,-18.0
4563,-18.0
4564,-18.0
4565,-18.0
4566,-18.0
4567,-19.0
4568,-18.0
4569,-18.0
4570,-18.0
4571,-18.0
4572,-18.0
4573,-18.0
4574,-18.0
4575,-18.0
4576,-18.0
4577,-18.0
4578,-18.0
4579,-18.0
4580,-18.0
4581,-18.0
4582,-18.0
4583,-18.0
4584,-19.0
4585,-18.0
4586,-18.0
4587,-18.0
4588,-18.0
4589,-18.0
4590,-18.0
4591,-18.0
4592,-18.0
4593,-20.0
4594,-18.0
4595,-18.0
4596,-19.0
4597,-18.0
4598,-19.0
4599,-20.0
4600,-18.0
4601,-18.0
4602,-18.0
4603,-18.0
4604,-21.0
4605,-18.0
4606,-18.0
4607,-18.0
4608,-18.0
4609,-19.0
4610,-18.0
4611,-19.0
4612,-18.0
4613,-18.0
4614,-18.0
4615,-18.0
4616,-18.0
4617,-20.0
4618,-18.0
4619,-18.0
4620,-18.0
4621,-18.0
4622,-18.0
4623,-18.0
4624,-18.0
4625,-21.0
4626,-19.0
4627,-18.0
4628,-18.0
4629,-18.0
4630,-18.0
4631,-18.0
4632,-18.0
4633,-19.0
4634,-18.0
4635,-18.0
4636,-19.0
4637,-18.0
4638,-18.0
4639,-19.0
4640,-18.0
4641,-18.0
4642,-18.0
4643,-18.0
4644,-18.0
4645,-18.0
4646,-18.0
4647,-18.0
4648,-18.0
4649,-18.0
4650,-18.0
4651,-18.0
4652,-18.0
4653,-18.0
4654,-19.0
4655,-18.0
4656,-18.0
4657,-18.0
4658,-18.0
4659,-18.0
4660,-18.0
4661,-18.0
4662,-18.0
4663,-18.0
4664,-18.0
4665,-18.0
4666,-5.0
4667,-20.0
4668,-18.0
4669,-18.0
4670,-18.0
4671,-18.0
4672,-19.0
4673,-18.0
4674,-18.0
4675,-20.0
4676,-18.0
4677,-18.0
4678,-18.0
4679,-18.0
4680,-18.0
4681,-18.0
4682,-18.0
4683,-18.0
4684,-18.0
4685,-20.0
4686,-19.0
4687,-19.0
4688,-18.0
4689,-3.0
4690,-18.0
4691,-18.0
4692,-18.0
4693,-18.0
4694,-18.0
4695,-19.0
4696,-19.0
4697,-18.0
4698,-18.0
4699,-18.0
4700,-20.0
4701,-18.0
4702,-18.0
4703,-18.0
4704,-18.0
4705,-19.0
4706,-18.0
4707,-18.0
4708,-20.0
4709,-18.0
4710,-18.0
4711,-18.0
4712,-18.0
4713,-19.0
4714,-19.0
4715,-18.0
4716,-18.0
4717,-18.0
4718,-18.0
4719,-18.0
4720,-18.0
4721,-18.0
4722,-18.0
4723,-18.0
4724,-18.0
4725,-18.0
4726,-19.0
4727,-18.0
4728,-18.0
4729,-18.0
4730,-18.0
4731,-18.0
4732,-18.0
4733,-18.0
4734,-18.0
4735,-18.0
4736,-18.0
4737,-18.0
4738,-18.0
4739,-18.0
4740,-18.0
4741,-18.0
4742,-18.0
4743,-18.0
4744,-18.0
4745,-18.0
4746,-18.0
4747,-18.0
4748,-18.0
4749,-18.0
4750,-18.0
4751,-18.0
4752,-18.0
4753,-19.0
4754,-18.0
4755,-18.0
4756,-18.0
4757,-18.0
4758,-18.0
4759,-18.0
4760,-18.0
4761,-18.0
4762,-18.0
4763,-18.0
4764,-20.0
4765,-22.0
4766,-18.0
4767,-18.0
4768,-18.0
4769,-18.0
4770,-18.0
4771,-18.0
4772,-19.0
4773,-18.0
4774,-18.0
4775,-18.0
4776,-18.0
4777,-18.0
4778,-18.0
4779,-18.0
4780,-18.0
4781,-19.0
4782,-20.0
4783,-18.0
4784,-18.0
4785,-18.0
4786,-18.0
4787,-18.0
4788,-20.0
4789,-19.0
4790,-18.0
4791,-18.0
4792,-18.0
4793,-18.0
4794,-18.0
4795,-18.0
4796,-19.0
4797,-18.0
4798,-20.0
4799,-18.0
4800,-18.0
4801,-18.0
4802,-18.0
4803,-18.0
4804,-18.0
4805,-19.0
4806,-19.0
4807,-19.0
4808,-18.0
4809,-18.0
4810,-18.0
4811,-18.0
4812,-18.0
4813,-18.0
4814,-18.0
4815,-18.0
4816,-18.0
4817,-18.0
4818,-18.0
4819,-18.0
4820,-18.0
4821,-18.0
4822,-19.0
4823,-18.0
4824,-20.0
4825,-18.0
4826,-18.0
4827,-18.0
4828,-18.0
4829,-18.0
4830,-19.0
4831,-18.0
4832,-18.0
4833,-18.0
4834,-18.0
4835,-18.0
4836,-19.0
4837,-18.0
4838,-18.0
4839,-18.0
4840,-19.0
4841,-20.0
4842,-18.0
4843,-18.0
4844,-18.0
4845,-18.0
4846,-18.0
4847,-18.0
4848,-19.0
4849,-18.0
4850,-18.0
4851,-18.0
4852,-18.0
4853,-18.0
4854,-18.0
4855,-18.0
4856,-19.0
4857,-18.0
4858,-18.0
4859,-18.0
4860,-18.0
4861,0.0
4862,-18.0
4863,-18.0
4864,-20.0
4865,-18.0
4866,-18.0
4867,-18.0
4868,-18.0
4869,-21.0
4870,-19.0
4871,-18.0
4872,-18.0
4873,-18.0
4874,-18.0
4875,-18.0
4876,-18.0
4877,-18.0
4878,-18.0
4879,-20.0
4880,-19.0
4881,-18.0
4882,-19.0
4883,1.0
4884,-22.0
4885,-18.0
4886,-21.0
4887,-18.0
4888,-18.0
4889,-19.0
4890,-18.0
4891,-19.0
4892,-18.0
4893,-19.0
4894,-19.0
4895,-20.0
4896,-18.0
4897,-19.0
4898,-21.0
4899,-18.0
4900,-18.0
4901,-18.0
4902,-18.0
4903,-18.0
4904,-18.0
4905,-18.0
4906,-20.0
4907,-18.0
4908,-18.0
4909,-18.0
4910,-20.0
4911,-18.0
4912,-19.0
4913,-18.0
4914,-18.0
4915,-18.0
4916,-18.0
4917,-18.0
4918,-19.0
4919,-18.0
4920,-18.0
4921,-18.0
4922,-18.0
4923,-18.0
4924,-18.0
4925,-18.0
4926,-18.0
4927,-19.0
4928,-18.0
4929,-18.0
4930,-18.0
4931,-18.0
4932,-18.0
4933,-18.0
4934,-18.0
4935,-18.0
4936,-18.0
4937,-18.0
4938,-21.0
4939,-18.0
4940,-18.0
4941,-20.0
4942,-18.0
4943,-19.0
4944,-19.0
4945,-20.0
4946,-18.0
4947,-18.0
4948,-19.0
4949,-18.0
4950,-18.0
4951,-18.0
4952,-18.0
4953,-20.0
4954,-19.0
4955,-20.0
4956,-18.0
4957,-18.0
4958,-18.0
4959,-18.0
4960,-18.0
4961,-18.0
4962,-18.0
4963,-20.0
4964,-18.0
4965,-18.0
4966,-18.0
4967,-18.0
4968,-19.0
4969,-18.0
4970,-18.0
4971,-18.0
4972,-18.0
4973,-18.0
4974,-18.0
4975,-18.0
4976,-18.0
4977,-18.0
4978,-18.0
4979,-18.0
4980,-18.0
4981,-18.0
4982,-18.0
4983,-18.0
4984,-18.0
4985,-18.0
4986,-18.0
4987,-19.0
4988,-18.0
4989,-18.0
4990,-18.0
4991,-19.0
4992,-18.0
4993,-18.0
4994,-18.0
4995,-18.0
4996,-19.0
4997,-20.0
4998,-18.0
4999,-20.0
5000,-18.0
5001,-18.0
5002,-19.0
5003,-18.0
5004,-19.0
5005,-18.0
5006,-18.0
5007,-18.0
5008,-20.0
5009,-18.0
5010,-18.0
5011,-18.0
5012,-18.0
5013,-18.0
5014,-20.0
5015,-18.0
5016,-18.0
5017,-18.0
5018,-18.0
5019,-18.0
5020,-18.0
5021,-18.0
5022,-18.0
5023,-18.0
5024,-18.0
5025,-19.0
5026,-18.0
5027,-18.0
5028,-18.0
5029,-18.0
5030,-18.0
5031,-18.0
5032,-19.0
5033,-18.0
5034,-18.0
5035,-19.0
5036,-18.0
5037,-20.0
5038,-19.0
5039,-20.0
5040,-18.0
5041,-18.0
5042,-18.0
5043,-18.0
5044,-19.0
5045,-18.0
5046,-19.0
5047,-18.0
5048,-18.0
5049,-18.0
5050,-18.0
5051,-18.0
5052,-18.0
5053,-18.0
5054,-18.0
5055,-18.0
5056,-18.0
5057,-18.0
5058,-18.0
5059,-18.0
5060,-20.0
5061,-18.0
5062,-19.0
5063,-18.0
5064,-20.0
5065,-21.0
5066,-18.0
5067,-19.0
5068,-18.0
5069,-19.0
5070,-18.0
5071,-18.0
5072,-18.0
5073,-18.0
5074,-19.0
5075,-18.0
5076,-18.0
5077,-18.0
5078,-20.0
5079,-18.0
5080,-18.0
5081,-18.0
5082,-18.0
5083,-18.0
5084,-18.0
5085,-18.0
5086,-18.0
5087,-18.0
5088,-18.0
5089,-18.0
5090,-18.0
5091,-18.0
5092,-18.0
5093,-18.0
5094,-18.0
5095,-19.0
5096,-18.0
5097,-18.0
5098,-18.0
5099,-20.0
5100,-18.0
5101,-18.0
5102,-18.0
5103,-18.0
5104,-18.0
5105,-18.0
5106,-19.0
5107,-18.0
5108,-18.0
5109,-18.0
5110,-18.0
5111,-18.0
5112,-18.0
5113,-18.0
5114,-18.0
5115,-20.0
5116,-18.0
5117,-18.0
5118,-18.0
5119,-18.0
5120,-19.0
5121,-18.0
5122,-19.0
5123,-18.0
5124,-18.0
5125,-18.0
5126,-18.0
5127,-1.0
5128,-18.0
5129,-18.0
5130,-20.0
5131,-18.0
5132,-18.0
5133,-18.0
5134,-20.0
5135,-18.0
5136,-18.0
5137,-18.0
5138,-18.0
5139,-18.0
5140,-18.0
5141,-18.0
5142,-18.0
5143,-18.0
5144,-24.0
5145,-18.0
5146,-18.0
5147,-18.0
5148,-18.0
5149,-19.0
5150,-18.0
5151,-18.0
5152,-18.0
5153,-18.0
5154,-18.0
5155,-18.0
5156,-18.0
5157,-18.0
5158,-18.0
5159,-18.0
5160,-18.0
5161,-18.0
5162,-18.0
5163,-18.0
5164,-18.0
5165,-19.0
5166,-19.0
5167,-18.0
5168,-18.0
5169,-21.0
5170,-18.0
5171,-18.0
5172,-18.0
5173,-18.0
5174,-18.0
5175,-18.0
5176,-18.0
5177,-18.0
5178,-18.0
5179,-18.0
5180,-18.0
5181,-20.0
5182,-18.0
5183,-18.0
5184,-20.0
5185,-18.0
5186,-18.0
5187,-18.0
5188,-18.0
5189,-18.0
5190,-19.0
5191,-18.0
5192,-19.0
5193,-18.0
5194,-18.0
5195,-18.0
5196,-18.0
5197,-18.0
5198,-18.0
5199,-18.0
5200,-19.0
5201,-18.0
5202,-19.0
5203,-3.0
5204,-18.0
5205,-18.0
5206,-18.0
5207,-18.0
5208,-23.0
5209,-18.0
5210,-19.0
5211,-18.0
5212,-18.0
5213,-18.0
5214,-18.0
5215,-20.0
5216,-18.0
5217,-23.0
5218,-18.0
5219,-18.0
5220,-18.0
5221,-18.0
5222,-18.0
5223,-18.0
5224,-19.0
5225,-20.0
5226,-18.0
5227,-18.0
5228,-18.0
5229,-18.0
5230,-18.0
5231,-18.0
5232,-18.0
5233,-18.0
5234,-18.0
5235,-20.0
5236,-5.0
5237,-18.0
5238,-18.0
5239,-18.0
5240,-17.0
5241,-18.0
5242,-18.0
5243,-17.0
5244,-19.0
5245,-18.0
5246,-18.0
5247,-18.0
5248,-18.0
5249,-20.0
5250,-21.0
5251,-18.0
5252,-18.0
5253,-20.0
5254,-18.0
5255,-18.0
5256,-19.0
5257,-19.0
5258,-18.0
5259,-18.0
5260,-18.0
5261,-18.0
5262,-18.0
5263,-18.0
5264,-18.0
5265,-18.0
5266,-18.0
5267,-18.0
5268,-18.0
5269,-18.0
5270,-18.0
5271,-19.0
5272,-19.0
5273,-21.0
5274,-18.0
5275,-18.0
5276,-22.0
5277,-18.0
5278,-18.0
5279,-18.0
5280,-18.0
5281,-18.0
5282,-18.0
5283,-18.0
5284,-18.0
5285,-18.0
5286,-18.0
5287,-18.0
5288,-19.0
5289,-18.0
5290,-18.0
5291,-18.0
5292,-18.0
5293,-18.0
5294,-18.0
5295,-18.0
5296,-18.0
5297,-18.0
5298,-18.0
5299,-18.0
5300,-18.0
5301,-18.0
5302,-18.0
5303,-18.0
5304,-18.0
5305,-18.0
5306,-18.0
5307,-18.0
5308,-18.0
5309,-20.0
5310,-20.0
5311,-18.0
5312,-19.0
5313,-18.0
5314,-18.0
5315,-18.0
5316,-18.0
5317,-18.0
5318,-18.0
5319,-18.0
5320,-18.0
5321,-18.0
5322,-18.0
5323,-18.0
5324,-18.0
5325,-18.0
5326,-18.0
5327,-18.0
5328,-20.0
5329,-18.0
5330,-18.0
5331,-18.0
5332,-18.0
5333,-20.0
5334,-18.0
5335,-20.0
5336,-18.0
5337,-18.0
5338,-18.0
5339,-20.0
5340,-18.0
5341,-18.0
5342,-18.0
5343,-18.0
5344,-19.0
5345,-21.0
5346,-18.0
5347,-19.0
5348,-18.0
5349,-18.0
5350,-18.0
5351,-18.0
5352,-18.0
5353,-19.0
5354,-18.0
5355,-18.0
5356,-18.0
5357,-1.0
5358,-18.0
5359,-18.0
5360,-18.0
5361,-18.0
5362,-18.0
5363,-18.0
5364,-18.0
5365,-18.0
5366,-19.0
5367,-18.0
5368,-18.0
5369,-19.0
5370,-18.0
5371,-18.0
5372,-18.0
5373,-18.0
5374,-18.0
5375,-19.0
5376,-18.0
5377,-19.0
5378,-5.0
5379,-18.0
5380,-18.0
5381,-18.0
5382,-18.0
5383,-18.0
5384,-21.0
5385,-20.0
5386,-18.0
5387,-18.0
5388,-18.0
5389,-18.0
5390,-18.0
5391,-18.0
5392,-18.0
5393,-20.0
5394,-18.0
5395,-18.0
5396,-18.0
5397,-18.0
5398,-18.0
5399,-18.0
5400,-18.0
5401,-18.0
5402,-18.0
5403,-18.0
5404,-18.0
5405,-18.0
5406,-18.0
5407,-18.0
5408,-18.0
5409,-18.0
5410,-19.0
5411,-21.0
5412,-18.0
5413,-18.0
5414,-18.0
5415,-18.0
5416,-20.0
5417,-18.0
5418,-18.0
5419,-19.0
5420,-20.0
5421,-18.0
5422,-18.0
5423,-18.0
5424,-18.0
5425,-18.0
5426,-18.0
5427,-4.0
5428,-18.0
5429,-18.0
5430,-18.0
5431,-18.0
5432,-18.0
5433,-19.0
5434,-18.0
5435,-18.0
5436,-18.0
5437,-18.0
5438,-18.0
5439,-18.0
5440,-18.0
5441,-18.0
5442,-18.0
5443,-18.0
5444,-18.0
5445,-18.0
5446,-18.0
5447,-18.0
5448,-18.0
5449,-19.0
5450,-18.0
5451,-18.0
5452,-19.0
5453,-18.0
5454,-18.0
5455,-18.0
5456,-20.0
5457,-14.0
5458,-22.0
5459,-18.0
5460,-18.0
5461,-18.0
5462,-18.0
5463,-18.0
5464,-18.0
5465,-18.0
5466,-19.0
5467,-18.0
5468,-18.0
5469,-18.0
5470,-18.0
5471,-18.0
5472,-18.0
5473,-18.0
5474,-18.0
5475,-18.0
5476,-18.0
5477,-18.0
5478,-18.0
5479,-18.0
5480,-18.0
5481,-18.0
5482,-18.0
5483,-18.0
5484,-18.0
5485,-18.0
5486,-18.0
5487,-18.0
5488,-19.0
5489,-18.0
5490,-15.0
5491,-18.0
5492,-18.0
5493,-18.0
5494,-18.0
5495,-18.0
5496,-18.0
5497,-18.0
5498,-18.0
5499,-18.0
5500,-18.0
5501,-18.0
5502,-18.0
5503,-18.0
5504,-18.0
5505,-18.0
5506,-18.0
5507,-18.0
5508,-18.0
5509,-18.0
5510,-18.0
5511,-18.0
5512,-18.0
5513,-18.0
5514,-18.0
5515,-18.0
5516,-18.0
5517,-21.0
5518,-18.0
5519,-19.0
5520,-18.0
5521,-18.0
5522,-20.0
5523,-18.0
5524,-18.0
5525,-18.0
5526,-18.0
5527,-18.0
5528,-19.0
5529,-18.0
5530,-18.0
5531,-18.0
5532,-18.0
5533,-18.0
5534,-18.0
5535,-18.0
5536,-20.0
5537,-18.0
5538,-18.0
5539,-18.0
5540,-18.0
5541,-18.0
5542,-18.0
5543,-18.0
5544,-18.0
5545,-20.0
5546,-18.0
5547,-18.0
5548,-18.0
5549,-18.0
5550,-20.0
5551,-20.0
5552,-18.0
5553,-18.0
5554,-18.0
5555,-18.0
5556,-20.0
5557,-18.0
5558,-18.0
5559,-18.0
5560,-21.0
5561,-18.0
5562,-20.0
5563,-18.0
5564,-18.0
5565,-19.0
5566,-19.0
5567,-19.0
5568,-18.0
5569,-18.0
5570,-18.0
5571,-18.0
5572,-18.0
5573,-18.0
5574,-18.0
5575,-20.0
5576,-18.0
5577,-18.0
5578,-20.0
5579,-18.0
5580,-18.0
5581,-18.0
5582,-18.0
5583,-18.0
5584,-18.0
5585,-20.0
5586,-14.0
5587,-18.0
5588,-18.0
5589,-18.0
5590,-19.0
5591,-18.0
5592,-18.0
5593,-25.0
5594,-18.0
5595,-18.0
5596,-19.0
5597,-18.0
5598,-18.0
5599,-20.0
5600,-21.0
5601,-18.0
5602,-18.0
5603,-18.0
5604,-18.0
5605,-20.0
5606,-18.0
5607,-19.0
5608,-18.0
5609,-18.0
5610,-18.0
5611,-18.0
5612,-94.0
5613,-18.0
5614,-18.0
5615,-18.0
5616,-18.0
5617,-18.0
5618,-18.0
5619,-17.0
5620,-21.0
5621,-18.0
5622,-18.0
5623,-18.0
5624,-18.0
5625,-18.0
5626,-18.0
5627,-18.0
5628,-18.0
5629,-18.0
5630,-19.0
5631,-18.0
5632,-18.0
5633,-18.0
5634,-18.0
5635,-20.0
5636,-19.0
5637,-21.0
5638,-13.0
5639,-18.0
5640,-20.0
5641,-18.0
5642,-18.0
5643,-18.0
5644,-18.0
5645,-18.0
5646,-18.0
5647,-18.0
5648,-18.0
5649,-18.0
5650,-18.0
5651,-18.0
5652,-19.0
5653,-20.0
5654,-18.0
5655,-18.0
5656,-18.0
5657,-19.0
5658,-18.0
5659,-18.0
5660,-18.0
5661,-18.0
5662,-18.0
5663,-18.0
5664,-18.0
5665,-18.0
5666,-18.0
5667,-18.0
5668,-18.0
5669,-18.0
5670,-18.0
5671,-18.0
5672,-18.0
5673,-18.0
5674,-20.0
5675,-18.0
5676,-18.0
5677,-18.0
5678,-20.0
5679,-18.0
5680,-18.0
5681,-18.0
5682,-19.0
5683,-20.0
5684,-18.0
5685,-18.0
5686,-18.0
5687,-18.0
5688,-18.0
5689,-18.0
5690,-18.0
5691,-18.0
5692,-18.0
5693,-18.0
5694,-18.0
5695,-18.0
5696,-18.0
5697,-18.0
5698,-20.0
5699,-18.0
5700,-18.0
5701,-18.0
5702,-18.0
5703,-18.0
5704,-5.0
5705,-19.0
5706,-18.0
5707,-18.0
5708,-18.0
5709,-18.0
5710,-18.0
5711,-18.0
5712,-19.0
5713,-18.0
5714,-18.0
5715,-18.0
5716,-18.0
5717,-18.0
5718,-21.0
5719,-18.0
5720,-18.0
5721,-18.0
5722,-18.0
5723,-18.0
5724,-18.0
5725,-18.0
5726,-18.0
5727,-19.0
5728,-18.0
5729,-18.0
5730,-18.0
5731,-18.0
5732,-18.0
5733,-18.0
5734,-18.0
5735,-18.0
5736,-18.0
5737,-19.0
5738,-18.0
5739,-18.0
5740,-18.0
5741,-18.0
5742,-19.0
5743,-18.0
5744,-18.0
5745,-19.0
5746,-19.0
5747,-18.0
5748,-18.0
5749,-19.0
5750,-20.0
5751,-18.0
5752,-18.0
5753,-18.0
5754,-18.0
5755,-18.0
5756,-18.0
5757,-18.0
5758,-18.0
5759,-18.0
5760,-18.0
5761,-20.0
5762,-22.0
5763,-22.0
5764,-20.0
5765,-18.0
5766,-18.0
5767,-19.0
5768,-18.0
5769,-18.0
5770,-18.0
5771,-18.0
5772,-18.0
5773,-19.0
5774,-18.0
5775,-18.0
5776,-18.0
5777,-20.0
5778,-18.0
5779,-18.0
5780,-19.0
5781,-18.0
5782,-18.0
5783,-19.0
5784,-20.0
5785,-18.0
5786,-18.0
5787,-21.0
5788,-20.0
5789,-18.0
5790,-18.0
5791,-18.0
5792,-19.0
5793,-19.0
5794,-18.0
5795,-3.0
5796,-19.0
5797,-19.0
5798,-18.0
5799,-18.0
5800,-18.0
5801,-20.0
5802,-18.0
5803,-18.0
5804,-18.0
5805,-20.0
5806,-18.0
5807,-18.0
5808,-19.0
5809,-18.0
5810,-18.0
5811,-18.0
5812,-18.0
5813,-18.0
5814,-20.0
5815,-19.0
5816,-18.0
5817,-20.0
5818,-18.0
5819,-18.0
5820,-18.0
5821,-18.0
5822,-18.0
5823,-18.0
5824,-18.0
5825,-18.0
5826,-18.0
5827,-20.0
5828,-18.0
5829,-19.0
5830,-20.0
5831,-18.0
5832,-18.0
5833,-18.0
5834,-18.0
5835,-18.0
5836,-18.0
5837,-18.0
5838,-18.0
5839,-21.0
5840,-34.0
5841,-18.0
5842,-18.0
5843,-18.0
5844,-19.0
5845,-18.0
5846,-24.0
5847,-19.0
5848,-18.0
5849,-5.0
5850,-1.0
5851,-18.0
5852,-18.0
5853,-18.0
5854,-18.0
5855,-20.0
5856,-20.0
5857,-18.0
5858,-18.0
5859,-19.0
5860,-19.0
5861,-19.0
5862,-18.0
5863,-18.0
5864,-18.0
5865,-19.0
5866,-18.0
5867,-21.0
5868,-18.0
5869,-19.0
5870,-18.0
5871,-18.0
5872,-18.0
5873,-19.0
5874,-18.0
5875,-18.0
5876,-19.0
5877,-18.0
5878,-19.0
5879,-18.0
5880,-18.0
5881,-18.0
5882,-19.0
5883,-19.0
5884,-20.0
5885,-18.0
5886,-18.0
5887,-18.0
5888,-19.0
5889,-18.0
5890,-21.0
5891,-18.0
5892,-18.0
5893,-18.0
5894,-20.0
5895,-18.0
5896,-18.0
5897,-18.0
5898,-18.0
5899,-19.0
5900,-18.0
5901,-18.0
5902,-18.0
5903,-18.0
5904,-18.0
5905,-18.0
5906,-18.0
5907,-22.0
5908,-18.0
5909,-18.0
5910,-20.0
5911,-18.0
5912,-18.0
5913,-6.0
5914,-18.0
5915,-18.0
5916,-18.0
5917,-3.0
5918,-14.0
5919,-18.0
5920,-18.0
5921,-19.0
5922,-16.0
5923,-18.0
5924,-18.0
5925,-18.0
5926,-18.0
5927,-20.0
5928,-18.0
5929,-18.0
5930,-18.0
5931,-18.0
5932,-20.0
5933,-18.0
5934,-20.0
5935,-18.0
5936,-18.0
5937,-18.0
5938,-20.0
5939,-18.0
5940,-18.0
5941,-22.0
5942,-19.0
5943,-18.0
5944,-18.0
5945,-18.0
5946,-19.0
5947,-18.0
5948,-18.0
5949,-18.0
5950,-18.0
5951,-19.0
5952,-20.0
5953,-18.0
5954,-18.0
5955,-18.0
5956,-18.0
5957,-18.0
5958,-18.0
5959,-18.0
5960,-18.0
5961,-18.0
5962,-18.0
5963,-18.0
5964,-18.0
5965,-19.0
5966,-18.0
5967,-18.0
5968,-18.0
5969,-18.0
5970,-18.0
5971,-18.0
5972,-18.0
5973,-18.0
5974,-18.0
5975,-18.0
5976,-18.0
5977,-20.0
5978,-18.0
5979,-18.0
5980,-18.0
5981,-18.0
5982,-18.0
5983,-18.0
5984,-18.0
5985,-19.0
5986,-18.0
5987,-18.0
5988,-18.0
5989,-18.0
5990,-20.0
5991,-18.0
5992,-18.0
5993,-19.0
5994,-18.0
5995,-18.0
5996,-20.0
5997,-18.0
5998,-18.0
5999,-18.0
6000,-20.0
6001,-18.0
6002,-21.0
6003,-18.0
6004,-21.0
6005,-20.0
6006,-18.0
6007,-18.0
6008,-18.0
6009,-18.0
6010,-19.0
6011,-19.0
6012,-18.0
6013,-18.0
6014,-21.0
6015,-18.0
6016,-24.0
6017,-18.0
6018,-19.0
6019,-18.0
6020,-18.0
6021,-18.0
6022,-18.0
6023,-18.0
6024,-22.0
6025,-18.0
6026,-18.0
6027,-18.0
6028,-18.0
6029,-18.0
6030,-18.0
6031,-18.0
6032,-18.0
6033,-18.0
6034,-18.0
6035,-18.0
6036,-18.0
6037,-18.0
6038,-18.0
6039,-18.0
6040,-18.0
6041,-20.0
6042,-18.0
6043,-18.0
6044,-18.0
6045,-21.0
6046,-18.0
6047,-18.0
6048,-18.0
6049,-18.0
6050,-18.0
6051,-18.0
6052,-19.0
6053,-18.0
6054,-18.0
6055,-18.0
6056,-18.0
6057,-18.0
6058,-21.0
6059,-21.0
6060,-18.0
6061,-19.0
6062,-18.0
6063,-18.0
6064,-19.0
6065,-20.0
6066,-18.0
6067,-18.0
6068,-19.0
6069,-18.0
6070,-18.0
6071,-18.0
6072,-18.0
6073,-18.0
6074,-20.0
6075,-19.0
6076,-18.0
6077,-18.0
6078,-18.0
6079,-18.0
6080,-18.0
6081,-18.0
6082,-19.0
6083,-18.0
6084,-18.0
6085,-18.0
6086,-18.0
6087,-18.0
6088,-18.0
6089,-18.0
6090,-18.0
6091,-18.0
6092,-18.0
6093,-18.0
6094,-18.0
6095,-21.0
6096,-18.0
6097,-18.0
6098,-19.0
6099,-14.0
6100,-18.0
6101,-18.0
6102,-18.0
6103,-18.0
6104,-18.0
6105,-18.0
6106,-18.0
6107,-18.0
6108,-18.0
6109,-18.0
6110,-19.0
6111,-18.0
6112,-18.0
6113,-18.0
6114,-18.0
6115,-19.0
6116,-18.0
6117,-20.0
6118,-18.0
6119,-18.0
6120,-18.0
6121,-23.0
6122,-19.0
6123,-18.0
6124,-18.0
6125,-18.0
6126,-18.0
6127,-18.0
6128,-8.0
6129,-18.0
6130,-18.0
6131,-18.0
6132,-18.0
6133,-18.0
6134,-18.0
6135,-18.0
6136,-18.0
6137,-19.0
6138,-18.0
6139,-18.0
6140,-18.0
6141,-18.0
6142,-18.0
6143,-18.0
6144,-20.0
6145,-18.0
6146,-18.0
6147,-20.0
6148,-18.0
6149,-18.0
6150,-18.0
6151,-18.0
6152,-20.0
6153,-19.0
6154,-18.0
6155,-18.0
6156,-18.0
6157,-18.0
6158,-19.0
6159,-18.0
6160,-18.0
6161,-18.0
6162,-18.0
6163,-18.0
6164,-20.0
6165,-18.0
6166,-18.0
6167,-3.0
6168,-18.0
6169,-18.0
6170,-19.0
6171,-19.0
6172,-18.0
6173,-18.0
6174,-18.0
6175,-18.0
6176,-18.0
6177,-18.0
6178,-18.0
6179,-18.0
6180,-20.0
6181,-18.0
6182,-18.0
6183,-18.0
6184,-18.0
6185,-18.0
6186,-20.0
6187,-18.0
6188,-18.0
6189,-18.0
6190,-18.0
6191,-18.0
6192,-18.0
6193,-18.0
6194,-19.0
6195,-18.0
6196,-18.0
6197,-18.0
6198,-19.0
6199,-18.0
6200,-18.0
6201,-18.0
6202,-18.0
6203,-21.0
6204,-18.0
6205,-18.0
6206,-18.0
6207,-18.0
6208,-18.0
6209,-18.0
6210,-18.0
6211,-18.0
6212,-18.0
6213,-18.0
6214,-20.0
6215,-18.0
6216,-18.0
6217,-18.0
6218,-19.0
6219,-19.0
6220,-19.0
6221,-18.0
6222,-18.0
6223,-19.0
6224,-18.0
6225,-18.0
6226,-18.0
6227,-18.0
6228,-18.0
6229,-18.0
6230,-18.0
6231,-18.0
6232,-18.0
6233,-18.0
6234,-18.0
6235,-21.0
6236,-18.0
6237,-24.0
6238,-18.0
6239,-20.0
6240,-18.0
6241,-18.0
6242,-21.0
6243,-18.0
6244,-18.0
6245,-18.0
6246,-18.0
6247,-18.0
6248,-4.0
6249,-18.0
6250,-18.0
6251,-18.0
6252,-18.0
6253,-18.0
6254,-18.0
6255,-18.0
6256,-20.0
6257,-18.0
6258,-19.0
6259,-18.0
6260,-18.0
6261,-18.0
6262,-18.0
6263,-18.0
6264,-18.0
6265,-19.0
6266,-18.0
6267,-19.0
6268,-18.0
6269,-18.0
6270,-18.0
6271,-18.0
6272,-18.0
6273,-18.0
6274,-18.0
6275,-18.0
6276,-18.0
6277,-18.0
6278,-24.0
6279,-18.0
6280,-18.0
6281,-18.0
6282,-23.0
6283,-18.0
6284,-18.0
6285,-18.0
6286,-19.0
6287,-18.0
6288,-18.0
6289,-19.0
6290,-18.0
6291,-20.0
6292,-18.0
6293,-18.0
6294,-18.0
6295,-18.0
6296,-18.0
6297,-18.0
6298,-18.0
6299,-18.0
6300,-18.0
6301,-18.0
6302,-18.0
6303,-18.0
6304,-18.0
6305,-18.0
6306,-18.0
6307,-18.0
6308,-18.0
6309,-22.0
6310,-20.0
6311,-18.0
6312,-18.0
6313,-18.0
6314,-18.0
6315,-14.0
6316,-16.0
6317,-18.0
6318,-19.0
6319,-20.0
6320,-19.0
6321,-18.0
6322,-18.0
6323,-18.0
6324,-18.0
6325,-18.0
6326,-9.0
6327,-18.0
6328,-20.0
6329,-18.0
6330,-18.0
6331,-19.0
6332,-18.0
6333,-18.0
6334,-19.0
6335,-18.0
6336,-18.0
6337,-18.0
6338,-18.0
6339,-18.0
6340,-18.0
6341,-18.0
6342,-18.0
6343,-18.0
6344,-18.0
6345,-18.0
6346,-18.0
6347,-18.0
6348,-18.0
6349,-18.0
6350,-18.0
6351,-18.0
6352,-18.0
6353,-18.0
6354,-18.0
6355,-18.0
6356,-18.0
6357,-19.0
6358,-18.0
6359,-18.0
6360,-18.0
6361,-18.0
6362,-18.0
6363,-18.0
6364,-19.0
6365,-19.0
6366,-18.0
6367,-18.0
6368,-18.0
6369,-18.0
6370,-18.0
6371,-20.0
6372,-18.0
6373,-18.0
6374,-18.0
6375,-18.0
6376,-20.0
6377,-23.0
6378,-18.0
6379,-18.0
6380,-18.0
6381,-18.0
6382,-18.0
6383,-18.0
6384,-18.0
6385,-19.0
6386,-18.0
6387,-18.0
6388,-9.0
6389,-18.0
6390,-18.0
6391,-18.0
6392,-18.0
6393,-18.0
6394,-18.0
6395,-19.0
6396,-18.0
6397,-18.0
6398,-18.0
6399,-20.0
6400,-19.0
6401,-18.0
6402,-18.0
6403,-18.0
6404,-18.0
6405,-19.0
6406,-19.0
6407,-21.0
6408,-18.0
6409,-18.0
6410,-18.0
6411,-18.0
6412,-18.0
6413,-18.0
6414,-18.0
6415,-20.0
6416,-20.0
6417,-18.0
6418,-18.0
6419,-18.0
6420,-18.0
6421,-19.0
6422,-19.0
6423,-18.0
6424,-23.0
6425,-18.0
6426,-19.0
6427,-18.0
6428,-18.0
6429,-18.0
6430,-18.0
6431,-18.0
6432,-18.0
6433,-18.0
6434,-18.0
6435,-18.0
6436,-20.0
6437,-20.0
6438,-18.0
6439,-18.0
6440,-18.0
6441,-18.0
6442,-18.0
6443,-18.0
6444,-20.0
6445,-18.0
6446,-18.0
6447,-18.0
6448,-18.0
6449,-21.0
6450,-18.0
6451,-18.0
6452,-18.0
6453,-18.0
6454,-18.0
6455,-18.0
6456,-18.0
6457,-18.0
6458,-18.0
6459,-18.0
6460,-18.0
6461,-18.0
6462,-18.0
6463,-18.0
6464,-19.0
6465,-19.0
6466,-19.0
6467,-18.0
6468,-18.0
6469,-18.0
6470,-18.0
6471,-18.0
6472,-18.0
6473,-18.0
6474,-20.0
6475,-18.0
6476,-19.0
6477,-18.0
6478,-18.0
6479,-18.0
6480,-19.0
6481,-18.0
6482,-18.0
6483,-18.0
6484,-19.0
6485,-18.0
6486,-18.0
6487,-18.0
6488,-18.0
6489,-18.0
6490,-18.0
6491,-18.0
6492,-18.0
6493,-18.0
6494,-17.0
6495,-18.0
6496,-18.0
6497,-18.0
6498,-19.0
6499,-19.0
6500,-20.0
6501,-18.0
6502,-18.0
6503,-19.0
6504,-18.0
6505,-18.0
6506,-18.0
6507,-18.0
6508,-18.0
6509,-19.0
6510,-18.0
6511,-18.0
6512,-18.0
6513,-18.0
6514,-20.0
6515,-18.0
6516,-18.0
6517,-18.0
6518,-18.0
6519,-18.0
6520,-18.0
6521,-20.0
6522,-18.0
6523,-18.0
6524,-18.0
6525,-18.0
6526,-17.0
6527,-18.0
6528,-18.0
6529,-18.0
6530,-18.0
6531,-19.0
6532,-18.0
6533,-18.0
6534,-18.0
6535,-18.0
6536,-19.0
6537,-18.0
6538,-20.0
6539,-18.0
6540,-22.0
6541,-18.0
6542,-19.0
6543,-19.0
6544,-18.0
6545,-18.0
6546,-18.0
6547,-18.0
6548,-18.0
6549,-18.0
6550,-21.0
6551,-18.0
6552,-18.0
6553,-18.0
6554,-19.0
6555,-18.0
6556,-18.0
6557,-18.0
6558,-18.0
6559,-18.0
6560,-18.0
6561,-18.0
6562,-18.0
6563,-18.0
6564,-18.0
6565,-18.0
6566,-18.0
6567,-18.0
6568,-18.0
6569,-18.0
6570,-19.0
6571,-18.0
6572,-18.0
6573,-18.0
6574,-20.0
6575,-18.0
6576,-18.0
6577,-18.0
6578,-18.0
6579,-18.0
6580,-18.0
6581,-12.0
6582,-18.0
6583,-18.0
6584,-18.0
6585,-18.0
6586,-18.0
6587,-20.0
6588,-18.0
6589,-18.0
6590,-18.0
6591,-21.0
6592,-18.0
6593,-18.0
6594,-18.0
6595,-19.0
6596,-18.0
6597,-18.0
6598,-18.0
6599,-18.0
6600,-19.0
6601,-21.0
6602,-18.0
6603,-18.0
6604,-20.0
6605,-18.0
6606,-18.0
6607,-18.0
6608,-18.0
6609,-18.0
6610,-19.0
6611,-18.0
6612,-18.0
6613,-18.0
6614,-18.0
6615,-18.0
6616,-18.0
6617,-18.0
6618,-18.0
6619,-22.0
6620,-18.0
6621,-23.0
6622,-18.0
6623,-18.0
6624,-18.0
6625,-18.0
6626,-20.0
6627,-18.0
6628,-18.0
6629,-19.0
6630,-13.0
6631,-18.0
6632,-18.0
6633,-18.0
6634,-18.0
6635,-18.0
6636,-18.0
6637,-19.0
6638,-18.0
6639,-18.0
6640,-18.0
6641,-18.0
6642,-18.0
6643,-18.0
6644,-18.0
6645,-18.0
6646,-18.0
6647,-18.0
6648,-18.0
6649,-18.0
6650,-19.0
6651,-18.0
6652,-18.0
6653,-18.0
6654,-18.0
6655,-18.0
6656,-18.0
6657,-18.0
6658,-19.0
6659,-18.0
6660,-18.0
6661,-18.0
6662,-18.0
6663,-18.0
6664,-18.0
6665,-18.0
6666,-19.0
6667,-18.0
6668,-22.0
6669,-21.0
6670,-18.0
6671,-18.0
6672,-21.0
6673,-18.0
6674,-18.0
6675,-18.0
6676,-18.0
6677,-18.0
6678,-18.0
6679,-24.0
6680,-18.0
6681,-18.0
6682,-18.0
6683,-18.0
6684,-18.0
6685,-18.0
6686,-18.0
6687,-18.0
6688,-18.0
6689,-18.0
6690,-18.0
6691,-19.0
6692,-18.0
6693,-6.0
6694,-18.0
6695,-18.0
6696,-19.0
6697,-18.0
6698,-18.0
6699,-18.0
6700,-18.0
6701,-19.0
6702,-18.0
6703,-18.0
6704,-18.0
6705,-21.0
6706,-18.0
6707,-18.0
6708,-18.0
6709,-18.0
6710,-20.0
6711,-18.0
6712,-18.0
6713,-18.0
6714,-18.0
6715,-18.0
6716,-18.0
6717,-18.0
6718,-18.0
6719,-18.0
6720,-18.0
6721,-18.0
6722,-18.0
6723,-18.0
6724,-18.0
6725,-18.0
6726,-18.0
6727,-18.0
6728,-18.0
6729,-2.0
6730,-18.0
6731,-18.0
6732,-19.0
6733,-18.0
6734,-18.0
6735,-19.0
6736,-18.0
6737,-18.0
6738,-18.0
6739,-18.0
6740,-18.0
6741,-18.0
6742,-18.0
6743,-18.0
6744,-18.0
6745,-19.0
6746,-18.0
6747,-18.0
6748,-18.0
6749,-18.0
6750,-18.0
6751,-18.0
6752,-19.0
6753,-18.0
6754,-23.0
6755,-2.0
6756,-19.0
6757,-18.0
6758,-18.0
6759,-18.0
6760,-18.0
6761,-18.0
6762,-18.0
6763,-18.0
6764,-18.0
6765,-18.0
6766,-18.0
6767,-18.0
6768,-18.0
6769,-18.0
6770,-18.0
6771,-18.0
6772,-18.0
6773,-18.0
6774,-18.0
6775,-18.0
6776,-19.0
6777,-18.0
6778,-18.0
6779,-18.0
6780,-18.0
6781,-18.0
6782,-18.0
6783,-19.0
6784,-18.0
6785,-20.0
6786,-18.0
6787,-18.0
6788,-20.0
6789,-18.0
6790,-18.0
6791,-18.0
6792,-18.0
6793,-19.0
6794,-18.0
6795,-18.0
6796,-18.0
6797,-18.0
6798,-18.0
6799,-18.0
6800,-18.0
6801,-18.0
6802,-18.0
6803,-18.0
6804,-19.0
6805,-18.0
6806,-18.0
6807,-18.0
6808,-18.0
6809,-18.0
6810,-18.0
6811,-18.0
6812,-20.0
6813,-18.0
6814,-21.0
6815,-18.0
6816,-18.0
6817,-18.0
6818,-18.0
6819,-19.0
6820,-18.0
6821,-19.0
6822,-18.0
6823,-18.0
6824,-18.0
6825,-18.0
6826,-18.0
6827,-18.0
6828,-18.0
6829,-19.0
6830,-18.0
6831,-18.0
6832,-1.0
6833,-19.0
6834,-18.0
6835,-1.0
6836,-18.0
6837,-19.0
6838,-18.0
6839,-18.0
6840,-19.0
6841,-18.0
6842,-18.0
6843,-18.0
6844,-18.0
6845,-18.0
6846,-18.0
6847,-18.0
6848,-20.0
6849,-18.0
6850,-18.0
6851,-18.0
6852,-18.0
6853,-18.0
6854,-18.0
6855,-19.0
6856,-18.0
6857,-21.0
6858,-18.0
6859,-18.0
6860,-18.0
6861,-18.0
6862,-18.0
6863,-18.0
6864,-18.0
6865,-18.0
6866,-18.0
6867,-18.0
6868,-18.0
6869,-18.0
6870,-18.0
6871,-18.0
6872,-18.0
6873,-18.0
6874,-19.0
6875,-18.0
6876,-18.0
6877,-18.0
6878,-18.0
6879,-18.0
6880,-18.0
6881,-19.0
6882,-18.0
6883,-20.0
6884,-18.0
6885,-18.0
6886,-18.0
6887,-18.0
6888,-19.0
6889,-18.0
6890,-19.0
6891,-18.0
6892,-18.0
6893,-18.0
6894,-19.0
6895,-18.0
6896,-18.0
6897,-18.0
6898,-18.0
6899,-18.0
6900,-18.0
6901,-20.0
6902,-18.0
6903,-18.0
6904,-18.0
6905,-18.0
6906,-18.0
6907,-18.0
6908,-21.0
6909,-18.0
6910,-18.0
6911,-19.0
6912,-18.0
6913,-18.0
6914,-18.0
6915,-18.0
6916,-18.0
6917,-24.0
6918,-18.0
6919,-18.0
6920,-19.0
6921,-18.0
6922,-18.0
6923,-18.0
6924,-18.0
6925,-18.0
6926,-18.0
6927,-18.0
6928,-18.0
6929,-18.0
6930,-18.0
6931,-20.0
6932,-18.0
6933,-18.0
6934,1.0
6935,-20.0
6936,-18.0
6937,-19.0
6938,-18.0
6939,-18.0
6940,-19.0
6941,-18.0
6942,-21.0
6943,-18.0
6944,-18.0
6945,-18.0
6946,-18.0
6947,-18.0
6948,-94.0
6949,-20.0
6950,-18.0
6951,-18.0
6952,-18.0
6953,-18.0
6954,-18.0
6955,-18.0
6956,-18.0
6957,-18.0
6958,-18.0
6959,-19.0
6960,-18.0
6961,-18.0
6962,-18.0
6963,-18.0
6964,-19.0
6965,-18.0
6966,-19.0
6967,-18.0
6968,-18.0
6969,-18.0
6970,-18.0
6971,-20.0
6972,-18.0
6973,-21.0
6974,-18.0
6975,-18.0
6976,-18.0
6977,-18.0
6978,-20.0
6979,-18.0
6980,-19.0
6981,-18.0
6982,-18.0
6983,-18.0
6984,-18.0
6985,-18.0
6986,-18.0
6987,-18.0
6988,-20.0
6989,-19.0
6990,-18.0
6991,-20.0
6992,-18.0
6993,-18.0
6994,-18.0
6995,-19.0
6996,-18.0
6997,-18.0
6998,-18.0
6999,-19.0
7000,-18.0
7001,-18.0
7002,-18.0
7003,-18.0
7004,-18.0
7005,-18.0
7006,-18.0
7007,-18.0
7008,-18.0
7009,-19.0
7010,-21.0
7011,-18.0
7012,-18.0
7013,-18.0
7014,-19.0
7015,-18.0
7016,-18.0
7017,-18.0
7018,-19.0
7019,-18.0
7020,-18.0
7021,-18.0
7022,-18.0
7023,-18.0
7024,-18.0
7025,-18.0
7026,-18.0
7027,-18.0
7028,-18.0
7029,-19.0
7030,-18.0
7031,-18.0
7032,-18.0
7033,-18.0
7034,-18.0
7035,-19.0
7036,-18.0
7037,-18.0
7038,-18.0
7039,-18.0
7040,-18.0
7041,-18.0
7042,-18.0
7043,-19.0
7044,-19.0
7045,-19.0
7046,-18.0
7047,-18.0
7048,-20.0
7049,-18.0
7050,-18.0
7051,-18.0
7052,-18.0
7053,-18.0
7054,-18.0
7055,-19.0
7056,-18.0
7057,-17.0
7058,-18.0
7059,-18.0
7060,-18.0
7061,-18.0
7062,-18.0
7063,-18.0
7064,-20.0
7065,-18.0
7066,-18.0
7067,-18.0
7068,-18.0
7069,-18.0
7070,-19.0
7071,-18.0
7072,-18.0
7073,-21.0
7074,-18.0
7075,-18.0
7076,-18.0
7077,-19.0
7078,-18.0
7079,-18.0
7080,-18.0
7081,-18.0
7082,-18.0
7083,-18.0
7084,-20.0
7085,-18.0
7086,-18.0
7087,-19.0
7088,-19.0
7089,-18.0
7090,-18.0
7091,-18.0
7092,-18.0
7093,-18.0
7094,-18.0
7095,-18.0
7096,-18.0
7097,-18.0
7098,-18.0
7099,-20.0
7100,-18.0
7101,-22.0
7102,-19.0
7103,-15.0
7104,-21.0
7105,-18.0
7106,-18.0
7107,-19.0
7108,-19.0
7109,-18.0
7110,-18.0
7111,-18.0
7112,-18.0
7113,-18.0
7114,-20.0
7115,-18.0
7116,-18.0
7117,-18.0
7118,-18.0
7119,-18.0
7120,-18.0
7121,-18.0
7122,-18.0
7123,-20.0
7124,-18.0
7125,-18.0
7126,-18.0
7127,-18.0
7128,-18.0
7129,-18.0
7130,-18.0
7131,-18.0
7132,-18.0
7133,-18.0
7134,-19.0
7135,-18.0
7136,-18.0
7137,-18.0
7138,-18.0
7139,-18.0
7140,-18.0
7141,-18.0
7142,-19.0
7143,-18.0
7144,-18.0
7145,-19.0
7146,-18.0
7147,-18.0
7148,-18.0
7149,-18.0
7150,-18.0
7151,-18.0
7152,-18.0
7153,-19.0
7154,-19.0
7155,-18.0
7156,-18.0
7157,-19.0
7158,-18.0
7159,-20.0
7160,-18.0
7161,-18.0
7162,-18.0
7163,-18.0
7164,-18.0
7165,-21.0
7166,-18.0
7167,-18.0
7168,-18.0
7169,-18.0
7170,-18.0
7171,-18.0
7172,-18.0
7173,-20.0
7174,-18.0
7175,-18.0
7176,-18.0
7177,-18.0
7178,-21.0
7179,-18.0
7180,-18.0
7181,-19.0
7182,-18.0
7183,-18.0
7184,-18.0
7185,-18.0
7186,-19.0
7187,-18.0
7188,-19.0
7189,-18.0
7190,-19.0
7191,-18.0
7192,-18.0
7193,-18.0
7194,-1.0
7195,-18.0
7196,-18.0
7197,-18.0
7198,-18.0
7199,-18.0
7200,-18.0
7201,-20.0
7202,-20.0
7203,-19.0
7204,-18.0
7205,-18.0
7206,-18.0
7207,-19.0
7208,-18.0
7209,-18.0
7210,-18.0
7211,-18.0
7212,-18.0
7213,-23.0
7214,-20.0
7215,-18.0
7216,-19.0
7217,-19.0
7218,-18.0
7219,-18.0
7220,-18.0
7221,-18.0
7222,-18.0
7223,-18.0
7224,-18.0
7225,-18.0
7226,-18.0
7227,-18.0
7228,-18.0
7229,-18.0
7230,-18.0
7231,-18.0
7232,-19.0
7233,-20.0
7234,-18.0
7235,-18.0
7236,-20.0
7237,-18.0
7238,-18.0
7239,-18.0
7240,-12.0
7241,-18.0
7242,-18.0
7243,-18.0
7244,-18.0
7245,-18.0
7246,-22.0
7247,-18.0
7248,-18.0
7249,-18.0
7250,-18.0
7251,-18.0
7252,-18.0
7253,-18.0
7254,-18.0
7255,-18.0
7256,-20.0
7257,-18.0
7258,-18.0
7259,-18.0
7260,-3.0
7261,-18.0
7262,-18.0
7263,-18.0
7264,-20.0
7265,-18.0
7266,-18.0
7267,-18.0
7268,-17.0
7269,-18.0
7270,-18.0
7271,-18.0
7272,-18.0
7273,-19.0
7274,-18.0
7275,-18.0
7276,-18.0
7277,-22.0
7278,-18.0
7279,-18.0
7280,-18.0
7281,-18.0
7282,-19.0
7283,-18.0
7284,-18.0
7285,-18.0
7286,-18.0
7287,-18.0
7288,-18.0
7289,-20.0
7290,-20.0
7291,-18.0
7292,-18.0
7293,-18.0
7294,-18.0
7295,-19.0
7296,-18.0
7297,-19.0
7298,-18.0
7299,-18.0
7300,-18.0
7301,-18.0
7302,-18.0
7303,-18.0
7304,-18.0
7305,-18.0
7306,-18.0
7307,-18.0
7308,-20.0
7309,-18.0
7310,-18.0
7311,-18.0
7312,-18.0
7313,-19.0
7314,-20.0
7315,-18.0
7316,-18.0
7317,-18.0
7318,-18.0
7319,-18.0
7320,-18.0
7321,-18.0
7322,-18.0
7323,-18.0
7324,-18.0
7325,-18.0
7326,-18.0
7327,-18.0
7328,-18.0
7329,-18.0
7330,-19.0
7331,-18.0
7332,-18.0
7333,-18.0
7334,-18.0
7335,-18.0
7336,-18.0
7337,-18.0
7338,-21.0
7339,-18.0
7340,-18.0
7341,-18.0
7342,-18.0
7343,-18.0
7344,-19.0
7345,-18.0
7346,-22.0
7347,-18.0
7348,-20.0
7349,-18.0
7350,-19.0
7351,-18.0
7352,-18.0
7353,-18.0
7354,-18.0
7355,-18.0
7356,-18.0
7357,-18.0
7358,-18.0
7359,-21.0
7360,-18.0
7361,-19.0
7362,-18.0
7363,-20.0
7364,-19.0
7365,-18.0
7366,-18.0
7367,-18.0
7368,-18.0
7369,-18.0
7370,-20.0
7371,-20.0
7372,-18.0
7373,-18.0
7374,-18.0
7375,-18.0
7376,-18.0
7377,-18.0
7378,-18.0
7379,-19.0
7380,-18.0
7381,-19.0
7382,-18.0
7383,-18.0
7384,-18.0
7385,-18.0
7386,-18.0
7387,-19.0
7388,-18.0
7389,-18.0
7390,-18.0
7391,-20.0
7392,-18.0
7393,-18.0
7394,-18.0
7395,-18.0
7396,-18.0
7397,-18.0
7398,-18.0
7399,-19.0
7400,-18.0
7401,-18.0
7402,-18.0
7403,-18.0
7404,-19.0
7405,-18.0
7406,-18.0
7407,-21.0
7408,-18.0
7409,-18.0
7410,-18.0
7411,-18.0
7412,-18.0
7413,-18.0
7414,-18.0
7415,-19.0
7416,-18.0
7417,-18.0
7418,-21.0
7419,-18.0
7420,-18.0
7421,-18.0
7422,-18.0
7423,-18.0
7424,-18.0
7425,-18.0
7426,-20.0
7427,-18.0
7428,-18.0
7429,-18.0
7430,-18.0
7431,-18.0
7432,-18.0
7433,-18.0
7434,-18.0
7435,-18.0
7436,-18.0
7437,-18.0
7438,-18.0
7439,-18.0
7440,-20.0
7441,-18.0
7442,-18.0
7443,-18.0
7444,-19.0
7445,-18.0
7446,-18.0
7447,-18.0
7448,-18.0
7449,-20.0
7450,-18.0
7451,-18.0
7452,-18.0
7453,-18.0
7454,-19.0
7455,-18.0
7456,-19.0
7457,-18.0
7458,-18.0
7459,-18.0
7460,-21.0
7461,-19.0
7462,-21.0
7463,-18.0
7464,-18.0
7465,-22.0
7466,-18.0
7467,-18.0
7468,-18.0
7469,-19.0
7470,-19.0
7471,-18.0
7472,-19.0
7473,-19.0
7474,-18.0
7475,-18.0
7476,-20.0
7477,-18.0
7478,-18.0
7479,-18.0
7480,-18.0
7481,-22.0
7482,-18.0
7483,-20.0
7484,-21.0
7485,-18.0
7486,-18.0
7487,-24.0
7488,1.0
7489,-18.0
7490,-18.0
7491,-18.0
7492,-18.0
7493,-18.0
7494,-18.0
7495,-18.0
7496,-18.0
7497,-18.0
7498,-18.0
7499,-18.0
7500,-18.0
7501,-18.0
7502,-18.0
7503,-21.0
7504,-18.0
7505,-18.0
7506,-18.0
7507,-18.0
7508,-18.0
7509,-18.0
7510,-18.0
7511,-18.0
7512,-20.0
7513,-18.0
7514,-18.0
7515,-18.0
7516,-18.0
7517,-18.0
7518,-20.0
7519,-18.0
7520,-19.0
7521,-18.0
7522,-18.0
7523,-18.0
7524,-18.0
7525,-19.0
7526,-18.0
7527,-19.0
7528,-18.0
7529,-21.0
7530,-18.0
7531,-18.0
7532,-18.0
7533,-18.0
7534,-21.0
7535,-18.0
7536,-18.0
7537,-19.0
7538,-18.0
7539,-19.0
7540,-18.0
7541,-18.0
7542,-14.0
7543,-18.0
7544,-18.0
7545,-18.0
7546,-18.0
7547,-18.0
7548,-18.0
7549,-18.0
7550,-18.0
7551,-20.0
7552,-18.0
7553,-18.0
7554,-18.0
7555,-19.0
7556,-18.0
7557,-18.0
7558,-20.0
7559,-20.0
7560,-18.0
7561,-18.0
7562,-18.0
7563,-18.0
7564,-19.0
7565,-18.0
7566,-18.0
7567,-18.0
7568,-19.0
7569,-18.0
7570,-18.0
7571,-20.0
7572,-19.0
7573,-18.0
7574,-18.0
7575,-18.0
7576,-18.0
7577,-18.0
7578,-18.0
7579,-19.0
7580,-18.0
7581,-18.0
7582,-18.0
7583,-18.0
7584,-18.0
7585,-18.0
7586,-19.0
7587,-18.0
7588,-18.0
7589,-18.0
7590,-4.0
7591,-18.0
7592,-18.0
7593,-18.0
7594,-18.0
7595,-21.0
7596,-19.0
7597,-18.0
7598,-18.0
7599,-18.0
7600,-18.0
7601,-18.0
7602,-18.0
7603,-19.0
7604,-18.0
7605,-18.0
7606,-18.0
7607,-18.0
7608,-18.0
7609,-18.0
7610,-18.0
7611,-18.0
7612,-18.0
7613,-19.0
7614,-18.0
7615,-18.0
7616,-18.0
7617,-18.0
7618,-19.0
7619,-18.0
7620,-18.0
7621,-18.0
7622,-19.0
7623,-20.0
7624,-18.0
7625,-18.0
7626,-18.0
7627,-18.0
7628,-21.0
7629,-18.0
7630,-18.0
7631,-18.0
7632,-18.0
7633,-18.0
7634,-18.0
7635,-19.0
7636,-19.0
7637,-18.0
7638,-18.0
7639,-20.0
7640,-18.0
7641,-18.0
7642,-18.0
7643,-18.0
7644,-18.0
7645,-18.0
7646,-18.0
7647,-18.0
7648,-18.0
7649,-18.0
7650,-18.0
7651,-18.0
7652,1.0
7653,-18.0
7654,-19.0
7655,-18.0
7656,-18.0
7657,-18.0
7658,-18.0
7659,-18.0
7660,-18.0
7661,-19.0
7662,-18.0
7663,-18.0
7664,-18.0
7665,-18.0
7666,-18.0
7667,-18.0
7668,-18.0
7669,-18.0
7670,-18.0
7671,-18.0
7672,-18.0
7673,-18.0
7674,-20.0
7675,-18.0
7676,-18.0
7677,-19.0
7678,-18.0
7679,-20.0
7680,-18.0
7681,-19.0
7682,-18.0
7683,-19.0
7684,-18.0
7685,-18.0
7686,-18.0
7687,-19.0
7688,-18.0
7689,-18.0
7690,-18.0
7691,-18.0
7692,-18.0
7693,-18.0
7694,-18.0
7695,-18.0
7696,-18.0
7697,-18.0
7698,-19.0
7699,-20.0
7700,-18.0
7701,-18.0
7702,-19.0
7703,-19.0
7704,-18.0
7705,-18.0
7706,-16.0
7707,-18.0
7708,-20.0
7709,-18.0
7710,-19.0
7711,-18.0
7712,-18.0
7713,-18.0
7714,-18.0
7715,-19.0
7716,-20.0
7717,-18.0
7718,-18.0
7719,-19.0
7720,-18.0
7721,-18.0
7722,-18.0
7723,-18.0
7724,-18.0
7725,-18.0
7726,-18.0
7727,-18.0
7728,-18.0
7729,-18.0
7730,-18.0
7731,-18.0
7732,-18.0
7733,-20.0
7734,-18.0
7735,-18.0
7736,-18.0
7737,-18.0
7738,-26.0
7739,-18.0
7740,-18.0
7741,-18.0
7742,-18.0
7743,-18.0
7744,-18.0
7745,-18.0
7746,-18.0
7747,-18.0
7748,-20.0
7749,-18.0
7750,-18.0
7751,-18.0
7752,-18.0
7753,-18.0
7754,-18.0
7755,-18.0
7756,-18.0
7757,0.0
7758,-18.0
7759,-18.0
7760,-18.0
7761,-18.0
7762,-18.0
7763,-3.0
7764,-18.0
7765,-18.0
7766,-18.0
7767,-18.0
7768,-18.0
7769,-22.0
7770,-18.0
7771,-18.0
7772,-18.0
7773,-18.0
7774,-18.0
7775,-18.0
7776,-19.0
7777,-18.0
7778,-18.0
7779,-18.0
7780,-18.0
7781,-18.0
7782,-18.0
7783,-18.0
7784,-18.0
7785,-18.0
7786,-18.0
7787,-19.0
7788,-19.0
7789,-18.0
7790,-18.0
7791,-18.0
7792,-18.0
7793,-18.0
7794,-18.0
7795,-18.0
7796,-18.0
7797,-18.0
7798,-18.0
7799,-18.0
7800,-18.0
7801,-18.0
7802,-18.0
7803,-18.0
7804,-18.0
7805,-19.0
7806,-19.0
7807,-20.0
7808,-18.0
7809,-18.0
7810,-20.0
7811,-15.0
7812,-18.0
7813,-18.0
7814,-18.0
7815,-18.0
7816,-20.0
7817,-18.0
7818,-20.0
7819,-18.0
7820,-20.0
7821,-18.0
7822,-18.0
7823,-18.0
7824,-18.0
7825,-19.0
7826,-18.0
7827,-18.0
7828,-18.0
7829,-18.0
7830,-18.0
7831,-18.0
7832,-18.0
7833,-19.0
7834,-18.0
7835,-18.0
7836,-18.0
7837,-18.0
7838,-18.0
7839,-18.0
7840,-18.0
7841,-20.0
7842,-18.0
7843,-18.0
7844,-18.0
7845,-18.0
7846,-18.0
7847,-18.0
7848,-18.0
7849,-18.0
7850,-18.0
7851,-18.0
7852,-18.0
7853,-18.0
7854,-20.0
7855,-20.0
7856,-18.0
7857,-18.0
7858,-18.0
7859,-18.0
7860,-18.0
7861,-18.0
7862,-19.0
7863,-22.0
7864,-19.0
7865,-18.0
7866,-18.0
7867,-18.0
7868,-19.0
7869,-18.0
7870,-18.0
7871,-18.0
7872,-18.0
7873,-18.0
7874,-18.0
7875,-20.0
7876,-18.0
7877,-18.0
7878,-18.0
7879,-18.0
7880,-18.0
7881,-18.0
7882,-20.0
7883,-18.0
7884,-18.0
7885,-18.0
7886,-18.0
7887,-18.0
7888,-18.0
7889,-20.0
7890,-18.0
7891,-19.0
7892,-18.0
7893,-18.0
7894,-18.0
7895,-18.0
7896,-20.0
7897,-18.0
7898,-18.0
7899,-18.0
7900,-18.0
7901,-19.0
7902,-18.0
7903,-7.0
7904,-18.0
7905,-18.0
7906,-18.0
7907,-20.0
7908,-18.0
7909,-18.0
7910,-18.0
7911,-18.0
7912,-18.0
7913,-18.0
7914,-18.0
7915,-18.0
7916,-18.0
7917,-19.0
7918,-18.0
7919,-20.0
7920,-19.0
7921,-5.0
7922,-18.0
7923,-21.0
7924,-18.0
7925,-18.0
7926,-20.0
7927,-18.0
7928,-19.0
7929,-18.0
7930,-18.0
7931,-21.0
7932,-18.0
7933,-18.0
7934,-18.0
7935,-18.0
7936,-18.0
7937,-18.0
7938,-18.0
7939,-18.0
7940,-18.0
7941,-19.0
7942,-17.0
7943,-18.0
7944,-18.0
7945,-18.0
7946,-18.0
7947,-18.0
7948,-20.0
7949,-18.0
7950,-18.0
7951,-18.0
7952,-20.0
7953,-18.0
7954,-18.0
7955,-18.0
7956,-18.0
7957,-18.0
7958,-18.0
7959,-18.0
7960,-18.0
7961,-18.0
7962,-18.0
7963,-18.0
7964,-18.0
7965,-18.0
7966,-18.0
7967,-19.0
7968,-18.0
7969,-18.0
7970,-19.0
7971,-20.0
7972,-18.0
7973,-18.0
7974,-19.0
7975,-20.0
7976,-21.0
7977,-18.0
7978,-18.0
7979,-18.0
7980,-18.0
7981,-22.0
7982,-19.0
7983,-18.0
7984,-18.0
7985,-18.0
7986,-18.0
7987,-18.0
7988,-18.0
7989,-19.0
7990,-94.0
7991,-18.0
7992,-18.0
7993,-21.0
7994,-20.0
7995,-18.0
7996,-18.0
7997,-18.0
7998,-18.0
7999,-18.0
8000,-18.0
8001,-22.0
8002,-1.0
8003,-18.0
8004,-18.0
8005,-18.0
8006,-18.0
8007,-18.0
8008,-18.0
8009,-18.0
8010,-18.0
8011,-18.0
8012,-18.0
8013,-18.0
8014,-18.0
8015,-18.0
8016,-18.0
8017,-18.0
8018,-18.0
8019,-18.0
8020,-18.0
8021,-18.0
8022,-18.0
8023,-18.0
8024,-20.0
8025,-18.0
8026,-18.0
8027,-18.0
8028,-18.0
8029,-19.0
8030,-18.0
8031,-18.0
8032,-19.0
8033,-18.0
8034,-18.0
8035,-18.0
8036,-19.0
8037,-18.0
8038,-18.0
8039,-19.0
8040,-20.0
8041,-20.0
8042,-18.0
8043,-18.0
8044,-18.0
8045,-18.0
8046,-18.0
8047,-18.0
8048,-18.0
8049,-18.0
8050,-9.0
8051,-18.0
8052,-18.0
8053,-18.0
8054,-18.0
8055,-18.0
8056,-20.0
8057,-18.0
8058,-18.0
8059,-18.0
8060,-19.0
8061,-19.0
8062,-18.0
8063,-18.0
8064,-18.0
8065,-18.0
8066,-18.0
8067,-18.0
8068,-18.0
8069,-18.0
8070,-18.0
8071,-18.0
8072,-18.0
8073,-18.0
8074,-18.0
8075,-18.0
8076,-18.0
8077,-19.0
8078,-18.0
8079,-18.0
8080,-18.0
8081,-19.0
8082,-18.0
8083,-18.0
8084,-20.0
8085,-18.0
8086,-18.0
8087,-18.0
8088,-18.0
8089,-18.0
8090,-18.0
8091,-18.0
8092,-18.0
8093,-18.0
8094,-20.0
8095,-18.0
8096,-18.0
8097,-18.0
8098,-18.0
8099,-18.0
8100,-20.0
8101,-18.0
8102,-18.0
8103,-18.0
8104,-18.0
8105,-18.0
8106,-18.0
8107,-18.0
8108,-19.0
8109,-20.0
8110,-18.0
8111,-18.0
8112,-21.0
8113,-18.0
8114,-20.0
8115,-19.0
8116,-18.0
8117,-18.0
8118,-20.0
8119,-18.0
8120,-18.0
8121,-18.0
8122,-18.0
8123,-19.0
8124,-18.0
8125,-19.0
8126,-18.0
8127,-18.0
8128,-20.0
8129,-20.0
8130,-18.0
8131,-18.0
8132,-18.0
8133,-21.0
8134,-18.0
8135,-19.0
8136,-18.0
8137,-18.0
8138,-18.0
8139,-18.0
8140,-18.0
8141,-20.0
8142,-18.0
8143,-18.0
8144,-18.0
8145,-18.0
8146,-19.0
8147,-18.0
8148,-19.0
8149,1.0
8150,-18.0
8151,-18.0
8152,-18.0
8153,-19.0
8154,-18.0
8155,-18.0
8156,-18.0
8157,-18.0
8158,-19.0
8159,-18.0
8160,-18.0
8161,-18.0
8162,-18.0
8163,-18.0
8164,-18.0
8165,-18.0
8166,-18.0
8167,-18.0
8168,-19.0
8169,-3.0
8170,-18.0
8171,-18.0
8172,-18.0
8173,-18.0
8174,-18.0
8175,-18.0
8176,-18.0
8177,-18.0
8178,-18.0
8179,-19.0
8180,-18.0
8181,-4.0
8182,-18.0
8183,-18.0
8184,-18.0
8185,-18.0
8186,-18.0
8187,-18.0
8188,-18.0
8189,-19.0
8190,-18.0
8191,-19.0
8192,-18.0
8193,-18.0
8194,-18.0
8195,-19.0
8196,-18.0
8197,-20.0
8198,-18.0
8199,-18.0
8200,-18.0
8201,-20.0
8202,-21.0
8203,-18.0
8204,-18.0
8205,-18.0
8206,-18.0
8207,-18.0
8208,-18.0
8209,-18.0
8210,-20.0
8211,-18.0
8212,-20.0
8213,-18.0
8214,-18.0
8215,-18.0
8216,-18.0
8217,-18.0
8218,-18.0
8219,-18.0
8220,-18.0
8221,-18.0
8222,-18.0
8223,-19.0
8224,-19.0
8225,-18.0
8226,-18.0
8227,-18.0
8228,-20.0
8229,-18.0
8230,-18.0
8231,-18.0
8232,-18.0
8233,-18.0
8234,-19.0
8235,-19.0
8236,-18.0
8237,-18.0
8238,-18.0
8239,-20.0
8240,-18.0
8241,-18.0
8242,-18.0
8243,-20.0
8244,-18.0
8245,-18.0
8246,-18.0
8247,-18.0
8248,-18.0
8249,-18.0
8250,-18.0
8251,0.0
8252,-18.0
8253,-20.0
8254,0.0
8255,-31.0
8256,-18.0
8257,-18.0
8258,-18.0
8259,-19.0
8260,-20.0
8261,-21.0
8262,-18.0
8263,-18.0
8264,-18.0
8265,-18.0
8266,-18.0
8267,-18.0
8268,-18.0
8269,-23.0
8270,-18.0
8271,-18.0
8272,-18.0
8273,-18.0
8274,-21.0
8275,-19.0
8276,-18.0
8277,-20.0
8278,-18.0
8279,-23.0
8280,-18.0
8281,-18.0
8282,-18.0
8283,-18.0
8284,-18.0
8285,-18.0
8286,-18.0
8287,-18.0
8288,-18.0
8289,-18.0
8290,-18.0
8291,-21.0
8292,-18.0
8293,-19.0
8294,-21.0
8295,-19.0
8296,-18.0
8297,-18.0
8298,-18.0
8299,-18.0
8300,-20.0
8301,-18.0
8302,-20.0
8303,-18.0
8304,-18.0
8305,-18.0
8306,-18.0
8307,-18.0
8308,-18.0
8309,-18.0
8310,-18.0
8311,-19.0
8312,-18.0
8313,-20.0
8314,-18.0
8315,-18.0
8316,-18.0
8317,-18.0
8318,-18.0
8319,-18.0
8320,-19.0
8321,-18.0
8322,-18.0
8323,-18.0
8324,-18.0
8325,-19.0
8326,-18.0
8327,-18.0
8328,-18.0
8329,-20.0
8330,-19.0
8331,-18.0
8332,-18.0
8333,-18.0
8334,-18.0
8335,-18.0
8336,-18.0
8337,-18.0
8338,-19.0
8339,-20.0
8340,-18.0
8341,-18.0
8342,-18.0
8343,-18.0
8344,-18.0
8345,-18.0
8346,-22.0
8347,-18.0
8348,-18.0
8349,-19.0
8350,-18.0
8351,-18.0
8352,-18.0
8353,-18.0
8354,-18.0
8355,-18.0
8356,-21.0
8357,-20.0
8358,-18.0
8359,-18.0
8360,-18.0
8361,-18.0
8362,-18.0
8363,-18.0
8364,-5.0
8365,-18.0
8366,-18.0
8367,-18.0
8368,-18.0
8369,-18.0
8370,-19.0
8371,-18.0
8372,-20.0
8373,-22.0
8374,-18.0
8375,-18.0
8376,-18.0
8377,-18.0
8378,-18.0
8379,-19.0
8380,-18.0
8381,-19.0
8382,-18.0
8383,-18.0
8384,-18.0
8385,-18.0
8386,-18.0
8387,-18.0
8388,-18.0
8389,-20.0
8390,-18.0
8391,-20.0
8392,-18.0
8393,-20.0
8394,-18.0
8395,-19.0
8396,-18.0
8397,-18.0
8398,-19.0
8399,-18.0
8400,-18.0
8401,-18.0
8402,-18.0
8403,-19.0
8404,-18.0
8405,-18.0
8406,-18.0
8407,-18.0
8408,-18.0
8409,-19.0
8410,-18.0
8411,-18.0
8412,-18.0
8413,-18.0
8414,-21.0
8415,-18.0
8416,-18.0
8417,-18.0
8418,-20.0
8419,-18.0
8420,-18.0
8421,-18.0
8422,-18.0
8423,-18.0
8424,-18.0
8425,-19.0
8426,-18.0
8427,-18.0
8428,-20.0
8429,-18.0
8430,-18.0
8431,-18.0
8432,-18.0
8433,-18.0
8434,-19.0
8435,-20.0
8436,-22.0
8437,-18.0
8438,-18.0
8439,-18.0
8440,-18.0
8441,-18.0
8442,-18.0
8443,-18.0
8444,-18.0
8445,-6.0
8446,-18.0
8447,-18.0
8448,-18.0
8449,-18.0
8450,-18.0
8451,-18.0
8452,-18.0
8453,-18.0
8454,-20.0
8455,-18.0
8456,-20.0
8457,-18.0
8458,-18.0
8459,-18.0
8460,-18.0
8461,-18.0
8462,-18.0
8463,-18.0
8464,-18.0
8465,-18.0
8466,-18.0
8467,-18.0
8468,-18.0
8469,-18.0
8470,-20.0
8471,-18.0
8472,-18.0
8473,-18.0
8474,-18.0
8475,-18.0
8476,-22.0
8477,-20.0
8478,-18.0
8479,-18.0
8480,-18.0
8481,-18.0
8482,-18.0
8483,-18.0
8484,-18.0
8485,-18.0
8486,-18.0
8487,-18.0
8488,-19.0
8489,-21.0
8490,-18.0
8491,-18.0
8492,-19.0
8493,-18.0
8494,-18.0
8495,-14.0
8496,-18.0
8497,-18.0
8498,-19.0
8499,-18.0
8500,-18.0
8501,-18.0
8502,-18.0
8503,-19.0
8504,-18.0
8505,-18.0
8506,-18.0
8507,-19.0
8508,-18.0
8509,-19.0
8510,-18.0
8511,-18.0
8512,-18.0
8513,-19.0
8514,-18.0
8515,-18.0
8516,-18.0
8517,-18.0
8518,-18.0
8519,-19.0
8520,-20.0
8521,-18.0
8522,-18.0
8523,-18.0
8524,-18.0
8525,-18.0
8526,-18.0
8527,-18.0
8528,-18.0
8529,-18.0
8530,-18.0
8531,-18.0
8532,-18.0
8533,-18.0
8534,-19.0
8535,-18.0
8536,-18.0
8537,-18.0
8538,-18.0
8539,-18.0
8540,-18.0
8541,-18.0
8542,-18.0
8543,-18.0
8544,-18.0
8545,-18.0
8546,-18.0
8547,-18.0
8548,-18.0
8549,-18.0
8550,-18.0
8551,-18.0
8552,-18.0
8553,-18.0
8554,-94.0
8555,-18.0
8556,-20.0
8557,-22.0
8558,-18.0
8559,-18.0
8560,-18.0
8561,-18.0
8562,-18.0
8563,-18.0
8564,-18.0
8565,-18.0
8566,-18.0
8567,-18.0
8568,-18.0
8569,-18.0
8570,-18.0
8571,-18.0
8572,-18.0
8573,-18.0
8574,-18.0
8575,-18.0
8576,-18.0
8577,-18.0
8578,-18.0
8579,-18.0
8580,-18.0
8581,-18.0
8582,-18.0
8583,-18.0
8584,-20.0
8585,-18.0
8586,-19.0
8587,-4.0
8588,-18.0
8589,-18.0
8590,-18.0
8591,-20.0
8592,-19.0
8593,-18.0
8594,-18.0
8595,-18.0
8596,-18.0
8597,-18.0
8598,-18.0
8599,-18.0
8600,-18.0
8601,-18.0
8602,-18.0
8603,-18.0
8604,-18.0
8605,-19.0
8606,-18.0
8607,-19.0
8608,-18.0
8609,-18.0
8610,-18.0
8611,-18.0
8612,-18.0
8613,-18.0
8614,-18.0
8615,-19.0
8616,-20.0
8617,-18.0
8618,-18.0
8619,-18.0
8620,-19.0
8621,-18.0
8622,-20.0
8623,-18.0
8624,-20.0
8625,-18.0
8626,-18.0
8627,-18.0
8628,-18.0
8629,-18.0
8630,-19.0
8631,-18.0
8632,-18.0
8633,-18.0
8634,-18.0
8635,-2.0
8636,-18.0
8637,-18.0
8638,-18.0
8639,-19.0
8640,-18.0
8641,-18.0
8642,-18.0
8643,-20.0
8644,-18.0
8645,-18.0
8646,-18.0
8647,-19.0
8648,-20.0
8649,-19.0
8650,-19.0
8651,-18.0
8652,-18.0
8653,-18.0
8654,-19.0
8655,-18.0
8656,-19.0
8657,-18.0
8658,-18.0
8659,-18.0
8660,-18.0
8661,-21.0
8662,-18.0
8663,-18.0
8664,-18.0
8665,-20.0
8666,-18.0
8667,-18.0
8668,-18.0
8669,-18.0
8670,-18.0
8671,-18.0
8672,-18.0
8673,-19.0
8674,-18.0
8675,-18.0
8676,-18.0
8677,-18.0
8678,-18.0
8679,-18.0
8680,-18.0
8681,-19.0
8682,-18.0
8683,-18.0
8684,-19.0
8685,-18.0
8686,-18.0
8687,-2.0
8688,-18.0
8689,-18.0
8690,-20.0
8691,-18.0
8692,-18.0
8693,-20.0
8694,-18.0
8695,-19.0
8696,-20.0
8697,-18.0
8698,-18.0
8699,0.0
8700,-18.0
8701,-18.0
8702,-18.0
8703,-18.0
8704,-18.0
8705,-18.0
8706,-18.0
8707,-18.0
8708,-18.0
8709,-18.0
8710,-18.0
8711,-18.0
8712,-18.0
8713,-18.0
8714,-18.0
8715,-19.0
8716,-18.0
8717,-18.0
8718,-18.0
8719,-18.0
8720,-18.0
8721,-18.0
8722,-18.0
8723,-18.0
8724,-20.0
8725,-18.0
8726,-18.0
8727,-19.0
8728,-18.0
8729,-19.0
8730,-18.0
8731,-18.0
8732,-18.0
8733,-18.0
8734,-18.0
8735,-23.0
8736,-18.0
8737,-18.0
8738,-18.0
8739,-18.0
8740,-18.0
8741,-18.0
8742,-20.0
8743,-18.0
8744,-18.0
8745,-18.0
8746,-19.0
8747,-18.0
8748,-18.0
8749,-18.0
8750,-18.0
8751,-18.0
8752,-18.0
8753,-18.0
8754,-18.0
8755,-18.0
8756,-18.0
8757,-18.0
8758,-21.0
8759,-18.0
8760,-18.0
8761,-18.0
8762,-19.0
8763,-19.0
8764,-18.0
8765,-18.0
8766,-18.0
8767,-18.0
8768,-18.0
8769,-18.0
8770,-18.0
8771,-18.0
8772,-20.0
8773,-18.0
8774,-18.0
8775,-18.0
8776,-18.0
8777,-18.0
8778,-18.0
8779,-18.0
8780,-18.0
8781,-18.0
8782,-18.0
8783,-18.0
8784,-19.0
8785,-18.0
8786,-18.0
8787,-18.0
8788,-18.0
8789,-18.0
8790,-19.0
8791,-18.0
8792,-18.0
8793,-18.0
8794,-18.0
8795,-19.0
8796,-21.0
8797,-18.0
8798,-18.0
8799,-18.0
8800,-18.0
8801,-18.0
8802,-19.0
8803,-18.0
8804,-7.0
8805,-18.0
8806,-19.0
8807,-18.0
8808,-22.0
8809,-18.0
8810,-19.0
8811,-18.0
8812,-18.0
8813,-18.0
8814,-18.0
8815,-18.0
8816,-18.0
8817,-18.0
8818,-19.0
8819,-20.0
8820,-18.0
8821,-18.0
8822,-20.0
8823,-20.0
8824,-20.0
8825,-18.0
8826,-18.0
8827,-22.0
8828,-18.0
8829,-21.0
8830,-18.0
8831,-18.0
8832,-19.0
8833,-18.0
8834,-18.0
8835,-18.0
8836,-18.0
8837,-18.0
8838,-18.0
8839,-20.0
8840,-22.0
8841,-18.0
8842,-18.0
8843,-18.0
8844,-18.0
8845,-18.0
8846,-18.0
8847,-20.0
8848,-18.0
8849,-18.0
8850,-18.0
8851,-18.0
8852,-19.0
8853,-18.0
8854,-18.0
8855,-18.0
8856,-18.0
8857,-18.0
8858,-20.0
8859,-1.0
8860,-18.0
8861,-18.0
8862,-18.0
8863,-18.0
8864,-18.0
8865,-8.0
8866,-18.0
8867,-18.0
8868,-18.0
8869,-18.0
8870,-24.0
8871,-20.0
8872,-20.0
8873,-18.0
8874,-18.0
8875,-18.0
8876,-19.0
8877,-18.0
8878,-19.0
8879,-18.0
8880,-20.0
8881,-18.0
8882,-18.0
8883,-18.0
8884,-18.0
8885,-18.0
8886,-18.0
8887,-18.0
8888,-18.0
8889,-18.0
8890,-18.0
8891,-18.0
8892,-18.0
8893,-21.0
8894,-18.0
8895,-18.0
8896,-18.0
8897,-18.0
8898,-19.0
8899,-18.0
8900,-19.0
8901,-19.0
8902,-18.0
8903,-20.0
8904,-18.0
8905,-18.0
8906,-19.0
8907,-18.0
8908,-18.0
8909,-18.0
8910,-18.0
8911,-18.0
8912,-18.0
8913,-18.0
8914,-18.0
8915,-18.0
8916,-20.0
8917,-18.0
8918,-18.0
8919,-18.0
8920,-18.0
8921,-8.0
8922,-18.0
8923,-18.0
8924,-18.0
8925,-18.0
8926,-18.0
8927,-18.0
8928,-19.0
8929,-18.0
8930,-21.0
8931,-18.0
8932,-20.0
8933,-18.0
8934,-18.0
8935,-18.0
8936,-18.0
8937,-18.0
8938,-18.0
8939,-18.0
8940,-18.0
8941,-18.0
8942,-18.0
8943,-18.0
8944,-18.0
8945,-18.0
8946,-18.0
8947,-19.0
8948,-19.0
8949,-18.0
8950,1.0
8951,-18.0
8952,-20.0
8953,-18.0
8954,-18.0
8955,-18.0
8956,-18.0
8957,-18.0
8958,-19.0
8959,-5.0
8960,-18.0
8961,-18.0
8962,-18.0
8963,-18.0
8964,-18.0
8965,-20.0
8966,-18.0
8967,-20.0
8968,-8.0
8969,-18.0
8970,-18.0
8971,-18.0
8972,-18.0
8973,-6.0
8974,-18.0
8975,-18.0
8976,-18.0
8977,-18.0
8978,-18.0
8979,-18.0
8980,-20.0
8981,-18.0
8982,-20.0
8983,-18.0
8984,-18.0
8985,-19.0
8986,-18.0
8987,-20.0
8988,-18.0
8989,-18.0
8990,-18.0
8991,-18.0
8992,-20.0
8993,-18.0
8994,-18.0
8995,-18.0
8996,-18.0
8997,-18.0
8998,-18.0
8999,-18.0
9000,-18.0
9001,-18.0
9002,-18.0
9003,-18.0
9004,-18.0
9005,-18.0
9006,-18.0
9007,-18.0
9008,-18.0
9009,-18.0
9010,-20.0
9011,-18.0
9012,-18.0
9013,-18.0
9014,-94.0
9015,-18.0
9016,-18.0
9017,-18.0
9018,-18.0
9019,-18.0
9020,-18.0
9021,-18.0
9022,-18.0
9023,-18.0
9024,-18.0
9025,-21.0
9026,-18.0
9027,-18.0
9028,-18.0
9029,-18.0
9030,-18.0
9031,-22.0
9032,-18.0
9033,-18.0
9034,-18.0
9035,-18.0
9036,-18.0
9037,-18.0
9038,-18.0
9039,-18.0
9040,-18.0
9041,-18.0
9042,-18.0
9043,-18.0
9044,-19.0
9045,-18.0
9046,-22.0
9047,-18.0
9048,-18.0
9049,-18.0
9050,-19.0
9051,-18.0
9052,-18.0
9053,-19.0
9054,-19.0
9055,-19.0
9056,-19.0
9057,-18.0
9058,-18.0
9059,-18.0
9060,-18.0
9061,-19.0
9062,-18.0
9063,-18.0
9064,-18.0
9065,-18.0
9066,-18.0
9067,-19.0
9068,-18.0
9069,-19.0
9070,-19.0
9071,-18.0
9072,-18.0
9073,-18.0
9074,-18.0
9075,-18.0
9076,-18.0
9077,-18.0
9078,-19.0
9079,-18.0
9080,-18.0
9081,-18.0
9082,-18.0
9083,-18.0
9084,-22.0
9085,-18.0
9086,-21.0
9087,-18.0
9088,-19.0
9089,-18.0
9090,-18.0
9091,-18.0
9092,-18.0
9093,-18.0
9094,-18.0
9095,-20.0
9096,-18.0
9097,-18.0
9098,-18.0
9099,-18.0
9100,-18.0
9101,-18.0
9102,-18.0
9103,-18.0
9104,-18.0
9105,-12.0
9106,-18.0
9107,-18.0
9108,-18.0
9109,-18.0
9110,-18.0
9111,-18.0
9112,-20.0
9113,-18.0
9114,-18.0
9115,-18.0
9116,-18.0
9117,-18.0
9118,-18.0
9119,-18.0
9120,-18.0
9121,-18.0
9122,-18.0
9123,-18.0
9124,-18.0
9125,-18.0
9126,-18.0
9127,-19.0
9128,-18.0
9129,-19.0
9130,-18.0
9131,-18.0
9132,-18.0
9133,-18.0
9134,-18.0
9135,-20.0
9136,-22.0
9137,-18.0
9138,-18.0
9139,-18.0
9140,-18.0
9141,-18.0
9142,-18.0
9143,-18.0
9144,-21.0
9145,-18.0
9146,-18.0
9147,-18.0
9148,-18.0
9149,-18.0
9150,-18.0
9151,-19.0
9152,-18.0
9153,-18.0
9154,-18.0
9155,-18.0
9156,-18.0
9157,-18.0
9158,-18.0
9159,-18.0
9160,-18.0
9161,-18.0
9162,-18.0
9163,-18.0
9164,-19.0
9165,-18.0
9166,-18.0
9167,-18.0
9168,-22.0
9169,-18.0
9170,-18.0
9171,-18.0
9172,-18.0
9173,-18.0
9174,-18.0
9175,-18.0
9176,-20.0
9177,-18.0
9178,-18.0
9179,-18.0
9180,-18.0
9181,-18.0
9182,-18.0
9183,-18.0
9184,-20.0
9185,-21.0
9186,-19.0
9187,-18.0
9188,-20.0
9189,-18.0
9190,-18.0
9191,-19.0
9192,-18.0
9193,-18.0
9194,-18.0
9195,-19.0
9196,-18.0
9197,-18.0
9198,-20.0
9199,-18.0
9200,-18.0
9201,-21.0
9202,-18.0
9203,-21.0
9204,-18.0
9205,-18.0
9206,-7.0
9207,-19.0
9208,-19.0
9209,-18.0
9210,-18.0
9211,-18.0
9212,-18.0
9213,-21.0
9214,-18.0
9215,-18.0
9216,-18.0
9217,-18.0
9218,-20.0
9219,-18.0
9220,-18.0
9221,-18.0
9222,-18.0
9223,-18.0
9224,-18.0
9225,-18.0
9226,-18.0
9227,-18.0
9228,-18.0
9229,-18.0
9230,-18.0
9231,-18.0
9232,-18.0
9233,-18.0
9234,-20.0
9235,-18.0
9236,-18.0
9237,-18.0
9238,-19.0
9239,-18.0
9240,-18.0
9241,-18.0
9242,-18.0
9243,-18.0
9244,-1.0
9245,-18.0
9246,-22.0
9247,-18.0
9248,-18.0
9249,-18.0
9250,-18.0
9251,-18.0
9252,-18.0
9253,-20.0
9254,-18.0
9255,-18.0
9256,-18.0
9257,-18.0
9258,-18.0
9259,-18.0
9260,-20.0
9261,-18.0
9262,-18.0
9263,-19.0
9264,-19.0
9265,-18.0
9266,-18.0
9267,-18.0
9268,-18.0
9269,-18.0
9270,-18.0
9271,-18.0
9272,-18.0
9273,-20.0
9274,-18.0
9275,-21.0
9276,-13.0
9277,-18.0
9278,-22.0
9279,-19.0
9280,-18.0
9281,-18.0
9282,-18.0
9283,-6.0
9284,-18.0
9285,-19.0
9286,-18.0
9287,-20.0
9288,-18.0
9289,-19.0
9290,-18.0
9291,-18.0
9292,-18.0
9293,-18.0
9294,-18.0
9295,-20.0
9296,-18.0
9297,-18.0
9298,-18.0
9299,-18.0
9300,-21.0
9301,-20.0
9302,-18.0
9303,-18.0
9304,-18.0
9305,-18.0
9306,-18.0
9307,-18.0
9308,-18.0
9309,-20.0
9310,-19.0
9311,-18.0
9312,-18.0
9313,-19.0
9314,-18.0
9315,-18.0
9316,-18.0
9317,-18.0
9318,-18.0
9319,-18.0
9320,-18.0
9321,-18.0
9322,-18.0
9323,-22.0
9324,-18.0
9325,-20.0
9326,-18.0
9327,-18.0
9328,-18.0
9329,-18.0
9330,-18.0
9331,-18.0
9332,-21.0
9333,-18.0
9334,-18.0
9335,-19.0
9336,-18.0
9337,-20.0
9338,-18.0
9339,-18.0
9340,-20.0
9341,-18.0
9342,-18.0
9343,-18.0
9344,-18.0
9345,-18.0
9346,-18.0
9347,-18.0
9348,-18.0
9349,-18.0
9350,-18.0
9351,-18.0
9352,-18.0
9353,-18.0
9354,-18.0
9355,-18.0
9356,-20.0
9357,-18.0
9358,-18.0
9359,-18.0
9360,-18.0
9361,-18.0
9362,-18.0
9363,-18.0
9364,-18.0
9365,-18.0
9366,-18.0
9367,-23.0
9368,-18.0
9369,-18.0
9370,-19.0
9371,-18.0
9372,1.0
9373,-18.0
9374,-18.0
9375,-20.0
9376,-18.0
9377,-18.0
9378,-20.0
9379,-18.0
9380,-18.0
9381,-18.0
9382,-18.0
9383,-18.0
9384,-18.0
9385,-18.0
9386,-20.0
9387,-18.0
9388,-18.0
9389,-18.0
9390,-18.0
9391,-18.0
9392,-18.0
9393,-18.0
9394,-18.0
9395,-18.0
9396,-20.0
9397,-18.0
9398,-18.0
9399,-20.0
9400,-18.0
9401,-18.0
9402,-18.0
9403,-18.0
9404,-18.0
9405,-18.0
9406,-18.0
9407,-18.0
9408,-21.0
9409,-18.0
9410,-18.0
9411,-19.0
9412,-18.0
9413,-20.0
9414,-18.0
9415,-18.0
9416,-18.0
9417,-22.0
9418,-18.0
9419,-22.0
9420,-19.0
9421,-18.0
9422,-4.0
9423,-18.0
9424,-20.0
9425,-18.0
9426,-18.0
9427,-18.0
9428,-20.0
9429,-18.0
9430,-18.0
9431,-19.0
9432,-18.0
9433,-18.0
9434,-18.0
9435,-18.0
9436,-18.0
9437,-18.0
9438,-18.0
9439,-18.0
9440,-18.0
9441,-20.0
9442,-18.0
9443,-18.0
9444,-18.0
9445,-18.0
9446,-20.0
9447,-18.0
9448,-18.0
9449,-18.0
9450,-18.0
9451,-18.0
9452,-18.0
9453,-18.0
9454,-18.0
9455,-18.0
9456,-18.0
9457,-18.0
9458,-18.0
9459,-18.0
9460,-18.0
9461,-18.0
9462,-19.0
9463,-18.0
9464,-19.0
9465,-21.0
9466,-18.0
9467,-18.0
9468,-18.0
9469,-18.0
9470,-18.0
9471,-21.0
9472,-4.0
9473,-18.0
9474,-18.0
9475,-19.0
9476,-18.0
9477,-18.0
9478,-19.0
9479,-18.0
9480,-18.0
9481,-18.0
9482,-19.0
9483,-18.0
9484,-18.0
9485,-18.0
9486,-18.0
9487,-19.0
9488,-18.0
9489,-21.0
9490,-18.0
9491,-18.0
9492,-18.0
9493,-18.0
9494,-15.0
9495,-18.0
9496,-18.0
9497,-18.0
9498,-18.0
9499,-18.0
9500,-19.0
9501,-18.0
9502,-18.0
9503,-18.0
9504,-18.0
9505,-18.0
9506,-18.0
9507,-18.0
9508,-18.0
9509,-18.0
9510,-18.0
9511,-18.0
9512,-18.0
9513,-18.0
9514,-18.0
9515,-18.0
9516,-18.0
9517,-18.0
9518,-18.0
9519,-19.0
9520,-18.0
9521,-18.0
9522,-18.0
9523,-19.0
9524,-18.0
9525,-18.0
9526,-18.0
9527,-18.0
9528,-18.0
9529,-18.0
9530,-18.0
9531,-18.0
9532,-18.0
9533,-18.0
9534,-18.0
9535,-18.0
9536,-18.0
9537,-18.0
9538,-18.0
9539,-18.0
9540,-18.0
9541,-19.0
9542,-18.0
9543,-18.0
9544,-18.0
9545,-18.0
9546,-18.0
9547,-18.0
9548,-18.0
9549,-18.0
9550,-20.0
9551,-20.0
9552,-18.0
9553,-18.0
9554,-18.0
9555,-19.0
9556,-18.0
9557,-18.0
9558,-18.0
9559,-18.0
9560,-18.0
9561,-18.0
9562,-19.0
9563,-18.0
9564,-18.0
9565,-18.0
9566,-18.0
9567,-19.0
9568,-18.0
9569,-18.0
9570,-20.0
9571,-18.0
9572,-18.0
9573,-21.0
9574,-18.0
9575,-21.0
9576,-20.0
9577,-18.0
9578,-18.0
9579,-20.0
9580,-18.0
9581,-19.0
9582,-20.0
9583,-18.0
9584,-22.0
9585,-19.0
9586,-19.0
9587,-18.0
9588,-18.0
9589,-18.0
9590,-18.0
9591,-18.0
9592,-18.0
9593,-18.0
9594,-18.0
9595,-18.0
9596,-18.0
9597,-18.0
9598,-18.0
9599,-18.0
9600,-18.0
9601,-18.0
9602,-18.0
9603,-18.0
9604,-18.0
9605,-18.0
9606,-18.0
9607,-18.0
9608,-18.0
9609,-19.0
9610,-18.0
9611,-18.0
9612,-18.0
9613,-18.0
9614,-18.0
9615,-22.0
9616,-18.0
9617,-18.0
9618,-18.0
9619,-18.0
9620,-18.0
9621,-18.0
9622,-18.0
9623,-18.0
9624,-19.0
9625,-19.0
9626,-18.0
9627,-20.0
9628,-18.0
9629,-18.0
9630,-18.0
9631,-18.0
9632,-18.0
9633,-18.0
9634,-18.0
9635,-18.0
9636,-18.0
9637,-18.0
9638,-7.0
9639,-18.0
9640,-18.0
9641,-18.0
9642,-20.0
9643,-18.0
9644,-19.0
9645,-18.0
9646,-18.0
9647,-18.0
9648,-18.0
9649,-20.0
9650,-18.0
9651,-18.0
9652,-18.0
9653,-18.0
9654,-18.0
9655,-18.0
9656,-18.0
9657,-18.0
9658,-18.0
9659,-18.0
9660,-19.0
9661,-18.0
9662,-18.0
9663,-18.0
9664,-19.0
9665,-19.0
9666,-18.0
9667,-18.0
9668,-18.0
9669,-18.0
9670,-19.0
9671,-18.0
9672,-18.0
9673,-18.0
9674,-18.0
9675,-21.0
9676,-20.0
9677,-20.0
9678,-18.0
9679,-18.0
9680,-21.0
9681,-18.0
9682,-19.0
9683,-19.0
9684,-22.0
9685,-19.0
9686,-19.0
9687,-18.0
9688,-18.0
9689,-18.0
9690,-18.0
9691,-18.0
9692,-18.0
9693,-18.0
9694,-18.0
9695,-19.0
9696,-18.0
9697,-18.0
9698,-18.0
9699,-18.0
9700,-18.0
9701,-18.0
9702,-18.0
9703,-18.0
9704,-18.0
9705,-18.0
9706,-19.0
9707,-18.0
9708,-18.0
9709,-18.0
9710,-18.0
9711,-20.0
9712,-18.0
9713,-21.0
9714,-21.0
9715,-18.0
9716,-18.0
9717,-18.0
9718,-18.0
9719,-18.0
9720,-18.0
9721,-18.0
9722,-18.0
9723,-19.0
9724,-18.0
9725,-18.0
9726,-18.0
9727,-18.0
9728,-18.0
9729,-18.0
9730,-18.0
9731,-18.0
9732,-12.0
9733,-18.0
9734,-18.0
9735,-21.0
9736,-18.0
9737,-21.0
9738,-18.0
9739,-18.0
9740,-18.0
9741,-18.0
9742,-18.0
9743,-18.0
9744,-18.0
9745,-18.0
9746,-18.0
9747,-18.0
9748,-22.0
9749,-21.0
9750,-4.0
9751,-19.0
9752,-18.0
9753,-18.0
9754,-18.0
9755,-18.0
9756,-18.0
9757,-18.0
9758,-18.0
9759,-18.0
9760,-18.0
9761,-19.0
9762,-18.0
9763,-19.0
9764,-19.0
9765,-18.0
9766,-18.0
9767,-19.0
9768,-18.0
9769,-20.0
9770,-18.0
9771,-18.0
9772,-18.0
9773,-18.0
9774,-18.0
9775,-18.0
9776,-18.0
9777,-19.0
9778,-18.0
9779,-18.0
9780,-19.0
9781,-18.0
9782,-18.0
9783,-19.0
9784,-18.0
9785,-18.0
9786,-18.0
9787,-18.0
9788,-18.0
9789,-18.0
9790,-21.0
9791,-18.0
9792,-18.0
9793,-18.0
9794,-18.0
9795,-18.0
9796,-18.0
9797,-18.0
9798,-18.0
9799,-20.0
9800,-18.0
9801,-18.0
9802,-18.0
9803,-21.0
9804,-18.0
9805,-18.0
9806,-18.0
9807,-18.0
9808,-19.0
9809,-18.0
9810,-18.0
9811,-20.0
9812,-18.0
9813,-18.0
9814,-18.0
9815,-18.0
9816,-18.0
9817,-18.0
9818,-18.0
9819,-18.0
9820,-18.0
9821,-19.0
9822,-19.0
9823,-18.0
9824,-18.0
9825,-18.0
9826,-20.0
9827,-18.0
9828,-18.0
9829,-20.0
9830,-18.0
9831,-19.0
9832,-18.0
9833,-18.0
9834,-18.0
9835,-18.0
9836,-18.0
9837,-18.0
9838,-18.0
9839,-18.0
9840,-18.0
9841,-18.0
9842,-18.0
9843,-19.0
9844,-18.0
9845,-18.0
9846,-18.0
9847,-18.0
9848,-18.0
9849,-18.0
9850,-18.0
9851,-18.0
9852,-18.0
9853,-18.0
9854,-18.0
9855,-20.0
9856,-18.0
9857,-18.0
9858,-18.0
9859,-18.0
9860,-18.0
9861,-18.0
9862,-18.0
9863,-20.0
9864,-20.0
9865,-18.0
9866,-18.0
9867,-19.0
9868,-19.0
9869,-18.0
9870,-18.0
9871,-18.0
9872,-18.0
9873,-18.0
9874,-18.0
9875,-18.0
9876,-18.0
9877,-18.0
9878,-18.0
9879,-18.0
9880,-18.0
9881,-18.0
9882,-18.0
9883,-18.0
9884,-18.0
9885,-20.0
9886,-18.0
9887,-18.0
9888,-18.0
9889,-18.0
9890,-18.0
9891,-18.0
9892,-19.0
9893,-20.0
9894,-18.0
9895,-18.0
9896,-18.0
9897,-18.0
9898,-21.0
9899,-18.0
9900,-20.0
9901,-18.0
9902,-18.0
9903,-18.0
9904,-19.0
9905,-18.0
9906,-20.0
9907,-18.0
9908,-20.0
9909,-18.0
9910,-10.0
9911,-18.0
9912,-21.0
9913,-18.0
9914,-18.0
9915,-18.0
9916,-18.0
9917,-18.0
9918,-18.0
9919,-18.0
9920,-18.0
9921,-18.0
9922,-18.0
9923,-18.0
9924,-18.0
9925,-18.0
9926,-18.0
9927,-18.0
9928,-19.0
9929,-18.0
9930,-18.0
9931,-18.0
9932,-18.0
9933,-18.0
9934,-18.0
9935,-18.0
9936,-18.0
9937,-18.0
9938,-19.0
9939,-18.0
9940,-19.0
9941,-18.0
9942,-18.0
9943,-18.0
9944,-18.0
9945,-18.0
9946,-18.0
9947,-18.0
9948,-20.0
9949,-18.0
9950,-18.0
9951,-18.0
9952,-18.0
9953,-18.0
9954,-18.0
9955,-18.0
9956,-18.0
9957,-20.0
9958,-18.0
9959,-5.0
9960,-18.0
9961,-19.0
9962,-18.0
9963,-18.0
9964,-18.0
9965,-22.0
9966,-18.0
9967,-18.0
9968,-18.0
9969,-19.0
9970,-18.0
9971,-18.0
9972,-18.0
9973,-18.0
9974,-18.0
9975,-18.0
9976,-19.0
9977,-18.0
9978,-18.0
9979,-20.0
9980,-18.0
9981,-19.0
9982,-18.0
9983,-19.0
9984,-19.0
9985,-18.0
9986,-18.0
9987,-19.0
9988,-18.0
9989,-22.0
9990,-18.0
9991,-18.0
9992,-18.0
9993,-20.0
9994,-18.0
9995,-18.0
9996,-18.0
9997,-19.0
9998,-18.0
9999,-19.0
